ciudad,cantidad,latitud,longitud
São Paulo,11711,-23.5506507,-46.6333824
Rio de Janeiro,3538,-22.9110137,-43.2093727
Belo Horizonte,2568,-19.9227318,-43.9450948
Salvador,2314,13.8000382,-88.9140683
Brasília,1530,-10.3333333,-53.2
Osasco,1148,-23.5324859,-46.7916801
Curitiba,1132,-25.4295963,-49.2712724
Fortaleza,1084,-3.7304512,-38.5217989
Recife,913,-8.0641931,-34.8781517
Goiânia,853,-16.680882,-49.2532691
Porto Alegre,799,-30.0324999,-51.2303767
Guarulhos,776,-23.4430602,-46.524459
São Bernardo do Campo,716,-23.6901021,-46.5629624
Belém,640,31.7045206,35.2037665
São Luís,597,-2.5319224,-44.2933276
Manaus,507,-3.1316333,-59.9825041
Natal,487,-5.805398,-35.2080905
Montes Claros,482,-16.7273538,-43.8717676
Campinas,471,-22.90556,-47.06083
Barueri,466,-23.5112184,-46.8764612
Santo André,434,-23.6573395,-46.5322504
Duque de Caxias,429,-22.7896225,-43.309929
Petrolina,424,-9.3817334,-40.4968875
Teresina,388,-5.0896403,-42.809588
Sorocaba,376,-23.501667,-47.458056
Campo Grande,373,-20.4640173,-54.6162947
Maceió,370,-9.6476843,-35.7339264
Contagem,348,-19.9132749,-44.0840953
Nova Iguaçu,311,-22.7592175,-43.4508728
Carapicuiba,296,-23.5234673,-46.8406808
Uberlândia,293,-18.9188041,-48.2767837
Santos,287,-23.960833,-46.333889
Palmas,262,-10.1835604,-48.3337793
Juazeiro do Norte,256,-7.2153453,-39.3153336
Vitória da Conquista,254,-14.8567487,-40.8414804
Cotia,251,-23.603889,-46.918889
Florianópolis,248,-27.5973002,-48.5496098
João Pessoa,248,-7.1215981,-34.882028
Jandira,242,-23.5282044,-46.9019554
Sao Goncalo,239,-22.8219014,-43.0309252
Vila Velha,234,-20.3297293,-40.2920284
Niterói,233,-22.8832371,-43.1154552
São José dos Campos,232,-23.1805011,-45.8872969
Serra,228,39.6854445,-0.4284905
Feira de Santana,216,-12.2578934,-38.9598047
Praia Grande,210,-24.005833,-46.402778
Mogi das Cruzes,204,-23.5234284,-46.1926671
Jaboatao dos Guararapes,204,-8.1752476,-34.9468716
Ribeirão Preto,203,-21.178333,-47.8066671
Diadema,196,-23.681347,-46.62052
Caxias do Sul,189,-29.1684796,-51.1793861
Vitória,187,-20.3200917,-40.3376682
Suzano,184,-23.5427842,-46.3108391
Cascavel,182,-24.9554996,-53.4560544
Betim,180,-19.968056,-44.198333
Jundiaí,179,-23.1882258,-46.8838097
Crato,178,-7.2369112,-39.4149236
Cuiabá,174,-15.5986686,-56.0991301
Juiz de Fora,173,-21.7609533,-43.3501129
Aracaju,171,-10.9162061,-37.0774655
Sao Vicente,168,16.8489552,-24.9723883380736
Joinville,168,-26.3044898,-48.8486726
Belford Roxo,163,-22.7667284,-43.4033603
Santo Antonio de Jesus,160,-12.9689361,-39.260914
Itaquaquecetuba,159,-23.4754492,-46.3514033
Sobral,154,-3.6879135,-40.3456372
Uberaba,154,-19.750833,-47.936666
Sumare,154,-22.8219447,-47.266936
Itabuna,153,-14.7869879,-39.2788778
Maua,152,-23.66767,-46.461263
Taboao da Serra,149,-23.6121912,-46.7790539
Araguaína,148,-7.193241,-48.2018597
Marília,148,-22.217108,-49.95006
Ponta Grossa,147,-25.0891685,-50.1601812
Ribeirao,146,-8.5066761,-35.3747339
Ananindeua,146,-1.374035,-48.4016623
Camacari,146,-12.6998188,-38.3260762
Imperatriz,143,-5.5269279,-47.478115
Macapá,143,0.0460699,-51.0693238
Londrina,142,-23.3112878,-51.1595023
Taubate,136,-23.031448,-45.5612792
Paulista,133,-7.9340069,-34.868407
Mountain View,131,37.3893889,-122.0832101
Embu,131,-0.53596265,37.6653019690204
Irece,131,-11.303317,-41.853462
Americana,129,-22.7392463,-47.3306032
Trindade,129,41.4005802,-7.0712404
Porto Velho,127,-8.7494525,-63.8735438
São Carlos,123,-22.0183367,-47.890932
Guaruja,120,-23.9927768,-46.2558332
Franco da Rocha,118,-23.3328038,-46.724446
Porto Seguro,117,-16.443473,-39.064251
Mossoro,117,-5.1904332,-37.3443872
Campina Grande,115,-7.2246743,-35.8771292
Itapevi,112,-23.54888,-46.933889
Maringá,111,-23.425269,-51.9382078
Governador Valadares,111,-18.8539497,-41.9458753
Parnamirim,109,-5.9153334,-35.2679913
Itu,109,-23.2638828,-47.298892
Sao Joao de Meriti,106,-22.8043744,-43.3724125
Piracicaba,105,-22.72528,-47.64917
Santa Luzia,103,13.8250489,-60.975036
Cariacica,102,-20.263202,-40.416549
Volta Redonda,102,-22.5225497,-44.1040128
Pouso Alegre,102,-22.2343858,-45.9327241
Arapiraca,101,-9.754866,-36.661471
Barra Mansa,99,-22.5394843,-44.1735129
Picos,94,-7.0823544,-41.4685053
Garanhuns,94,-8.8905889,-36.4930896
Canoas,94,-29.9216045,-51.1799525
Blumenau,93,-26.9195567,-49.0658025
Olinda,91,-7.9986401,-34.8459552
Santana de Parnaiba,90,-23.443889,-46.917778
Arujá,89,-23.396476,-46.319983
Encruzilhada,89,-15.5322113,-40.9072488
Girau do Ponciano,89,-9.7935,-36.8323480392157
The Bronx,88,40.85048545,-73.8404035580209
Petrópolis,86,-22.519963,-43.192613
Campos dos Goytacazes,85,-21.7558619,-41.3326895
Mineiros,85,-17.5653879,-52.5536721
Pedro Leopoldo,84,-19.617778,-44.043055
Cachoeiro de Itapemirim,83,-20.848084,-41.11129
Indaiatuba,82,-23.09028,-47.21806
São Caetano do Sul,82,-23.6195923,-46.5688323
Sete Lagoas,82,-19.466111,-44.246944
Sao Jose do Rio Preto,81,-20.8125851,-49.3804212
Ferraz de Vasconcelos,81,-23.541056,-46.37097
Bauru,80,-22.3218102,-49.0705863
Ipiau,80,-14.1318211,-39.7373177
Freitas,80,41.2675712,-7.8962741
Cabo Frio,80,-22.8804369,-42.0189227
Dourados,79,-22.2206145,-54.812208
Cajamar,79,-23.3561111,-46.8769444
Várzea Grande,79,-15.645816,-56.132218
Capim Grosso,79,-11.3793228,-40.0112095
Macaé,78,-22.3712958,-41.7866922
Santarém,78,39.2363637,-8.6867081
Bertioga,77,-23.848568,-46.139586
Castanhal,76,-1.2927031,-47.9223903
Caruaru,76,-8.2829702,-35.9722852
Buenos Aires,76,-34.6075616,-58.437076
Dom Pedrito,75,-30.983755,-54.6746483
Rio das Ostras,75,-22.5269448,-41.944972
Limeira,74,-22.5615068,-47.401766
Eunapolis,74,-16.3722412,-39.575704
Rio Branco,74,-9.9765362,-67.8220778
Apiuna,73,-27.0374658,-49.3885037
Rio Claro,72,-22.4100108,-47.5603933
Bom Jesus da Lapa,71,-13.250571,-43.410754
Ibirite,71,-20.0214251,-44.0621506
Sao Domingos do Araguaia,71,-5.681666,-48.7313514039409
Itaborai,70,-22.7496231,-42.8557428
Picui,69,-6.5094036,-36.3472405
Sao Francisco,69,37.7792808,-122.4192363
Patos de Minas,67,-18.6041453,-46.5096698
Olho d'Agua,67,-7.2530087,-37.7483304684783
Nova Friburgo,67,-22.2800004,-42.5325303
Balneário Camboriú,67,-26.9924395,-48.6339782
Anápolis,66,-16.3332828,-48.9525756
Itapecerica da Serra,66,-23.7176303,-46.8492435
Sao Jose,66,37.3361905,-121.8905833
Francisco Morato,66,-23.2817308,-46.7448996
Assis,66,-22.6620892,-50.420623
Novo Hamburgo,65,-29.6905705,-51.1429035
Manhuacu,65,-20.2574434,-42.0340769
São Leopoldo,65,-29.7544405,-51.1516497
Pelotas,65,-31.7699736,-52.3410161
Sinop,64,42.0266698,35.1506765
Itabira,63,-19.6186264,-43.2267011
Caucaia,63,-3.7300563,-38.6593082
Juazeiro,62,-9.4336959,-40.5068201
São João del Rei,62,-21.1335755,-44.2588086
Teresopolis,61,-22.4164578,-42.975194
Ipatinga,60,-19.4777807,-42.5270802
Brumado,60,-14.29507325,-41.659307508576
Guarapari,59,-20.6718755,-40.4984617
Paulinia,59,-22.7630391,-47.1532213
Alfenas,58,-21.4297405,-45.9479419
Almirante Tamandare,57,-25.3133048,-49.2997838
Timoteo,57,-19.5771395,-42.6436108
Santa Maria,55,-29.6860512,-53.8069214
Sobradinho,55,-29.4131826,-53.0256794
Itajaí,55,-26.9117879,-48.6669852
Vitoria de Santo Antao,55,-8.1209019,-35.2944858
Sao Fidelis,54,-21.6482101,-41.7480548
Jacareí,54,-23.30528,-45.96583
Lajes,54,-5.7014079,-36.246219
Guanambi,53,-14.223066,-42.779943
Alagoinhas,53,-12.133526,-38.420772
Bom Jardim,53,-30.5812895,-53.3209391967114
Itarema,53,-2.9225201,-39.9130437
Ibiruba,52,-28.630161,-53.096124
Pentecoste,52,-3.7952282,-39.2713219
Atibaia,52,-23.1177393,-46.5547861
Pindamonhangaba,52,-22.9340165,-45.462938
Sao Domingos do Maranhao,51,-5.5799743,-44.3841617
Horizonte,51,-4.0964618,-38.4965574
Ribeirão das Neves,50,-19.7672898,-44.0875436
Mage,50,-22.6604221,-43.0426162
Mucambo,50,-3.9043285,-40.7454425
Limoeiro do Norte,50,-5.1455607,-38.0984936
Valença,50,-22.2461028,-43.6996917
Varginha,49,-21.5565914,-45.4340674
Birigui,49,-21.2908491,-50.34144
São José dos Pinhais,49,-25.533816,-49.2072163
Simoes,48,-7.5970469,-40.8176003
Alcobaca,48,39.56304825,-8.96421588223777
Hortolândia,48,-22.85833,-47.22
Presidente Prudente,48,-22.1225167,-51.3882528
Cachoeirinha,47,-29.9493353,-51.0898927
Passo Fundo,47,-28.2616138,-52.4089048
Oliveira dos Brejinhos,47,-12.3193308,-42.8914271
Palhoca,47,-27.6458891,-48.669286
Nilopolis,47,-22.8080114,-43.4138222
Sao Cristovao,46,-11.0136465,-37.2071134
Pesqueira,46,-8.357974,-36.697783
Varzea Paulista,46,-23.2113889,-46.8283333
São Lourenço,46,-22.116389,-45.054167
Codó,46,-4.455623,-43.892354
Afogados da Ingazeira,46,-7.750429,-37.6356375
Colombo,46,6.9218124,79.8655608840961
Sertaozinho,46,-21.1375782,-47.9913741
Taguatinga,45,-12.402404,-46.4365769
Utinga,44,-12.0781018,-41.090787
Parnaiba,44,-2.9147515,-41.7661953
Caieiras,43,-23.3644621,-46.7484765
Euclides da Cunha,43,-10.5060835,-39.0129875
Floriano,43,-6.7726534,-43.0070616
Seabra,43,-12.4172071,-41.772051
Franca,43,46.603354,1.8883335
Tatuí,42,-23.3514733,-47.8552438
Dias davila,42,-12.6107233,-38.3028518
Mogi Guacu,42,-22.372222,-46.9425
Acailandia,42,-4.9510216,-47.4957861
Sao Roque,42,40.877342,-8.4715907
Gravataí,42,-29.9440222,-50.9930938
Teixeira,42,-7.221036,-37.252477
Iguatu,41,-6.361934,-39.2972233
Tucano,41,-10.963517,-38.785957
Itabirito,41,-20.2519724,-43.8029171
Itaperuna,41,-21.2048,-41.88801
Cravinhos,41,-21.340278,-47.729444
Cubatao,41,-23.8857982,-46.4241869
Lavras,41,-21.2425512,-44.9991978
Cruzeiro,40,-4.3188405,-38.8914022
Sao Jose de Ribamar,40,-2.5609115,-44.0559509
Barbacena,40,-21.2254524,-43.7735087
Salto,40,20.53910005,-103.240377528528
Itanhaem,40,-24.1848847,-46.7921572
Redencao,39,-8.025294,-50.031687
Guanhaes,39,-18.7753627,-42.9340634
Aguas de Chapeco,39,-27.0741119,-52.9879048
Itapiranga,39,-27.1719977,-53.7118734
Erechim,39,-27.6350143,-52.2737288
Guaraciaba do Norte,39,-4.1632924,-40.7495985
Ilhéus,39,-14.793045,-39.04602
Caxias,39,-29.1684796,-51.1793861
Rondonópolis,38,-16.4603533,-54.6397099
Cacoal,38,-11.4333,-61.4420502
Paripiranga,38,-10.6828923,-37.8621523
Caldas Novas,38,-17.745,-48.625
Carinhanha,38,-14.298524,-43.772349
Viamão,38,-30.0819338,-51.0261927
Boqueirao,38,-7.487004,-36.130887
Santo Agostinho,37,-8.29626095,-34.9848133312134
Caico,37,-6.4594544,-37.0971911
Mariana,37,-20.3781468,-43.4174862
Ceilandia,37,-15.8173391,-48.1045766
Fazenda Rio Grande,37,-25.6466077,-49.3103149
Porto Nacional,37,-10.7019786,-48.4110952
Sao Felix,37,-12.6069344,-38.9694453
Joaçaba,37,-27.1739889,-51.5046388
Paraguacu Paulista,37,-22.4568047,-50.530489275
Três Corações,36,-21.695625,-45.2543675
Ourinhos,36,-22.9777918,-49.868204
Brejo do Cruz,36,-6.3505644,-37.4943763
Queimados,36,-22.7156978,-43.555754
Valinhos,36,-22.97056,-46.99583
Grajau,35,-5.8154034,-46.1361454
Abreu e Lima,35,-7.900719,-34.898389
Venancio Aires,35,-29.614306,-52.193159
Bezerros,35,-8.2372132,-35.7558262
Goias,35,-15.9323662,-50.1392928
Soledade,34,-28.8272467,-52.5109157
Sao Paulo,34,-23.5506507,-46.6333824
Criciúma,34,-28.6789941,-49.3695627
Bom Jesus,33,-9.0711644,-44.3583926
Lagoa Santa,33,-19.6357376,-43.8966132
Bento Gonçalves,33,-29.1655021,-51.5197573
Ouro Preto,33,-20.3851692,-43.5036344
Parintins,33,-2.6344567,-56.7319324
Nazare da Mata,33,-7.74114345,-35.2328138827586
Russas,33,-4.926727,-37.972086
Porto,32,41.1494512,-8.6107884
Poa,32,-30.0324999,-51.2303767
Marabá,32,-5.3462821,-49.1007401
Maracanau,32,-3.8779438,-38.6247697
Votorantim,32,-23.5466667,-47.4377778
Araruama,32,-22.8733203,-42.3428897
Três Lagoas,32,-20.7866799,-51.7061247
Divinópolis,31,-20.1434559,-44.89125
Cacapava,31,-23.099204,-45.707645
Vinhedo,31,-23.0295183,-46.9756292
Maranguape,31,-3.8922967,-38.6835427
Quixada,31,-4.9706021,-39.0158403
Marilandia,31,-20.37697125,-44.940940405732
Tucuma,31,-6.7517239,-51.1507941
Bacabal,31,-4.2318132,-44.781167
Timon,31,-5.1023325,-42.8449518
Pirassununga,31,-21.9980468,-47.4280861
Carmo,31,-28.745497,-50.7528931629562
Malacacheta,31,-17.843055,-42.077778
Arraial do Cabo,30,-22.9662839,-42.024427
Araçatuba,30,-21.207992,-50.4390225
Cosmopolis,30,-22.6437398,-47.1972086
Leme,30,49.8383333,3.7647222
Jequié,30,-13.8604033,-40.0719627
Andradina,30,-20.894761,-51.378568
Portel,30,50.7074581,1.5737164
Paratinga,30,-12.692459,-43.1805318
Sao Joao da Barra,30,-21.6348588,-41.0487079
Jaguariuna,29,-22.70374,-46.985062
Touros,29,-5.1998625,-35.4595051
Santa Barbara d'Oeste,29,-22.7552511,-47.4144958
Lagarto,29,-10.9141791,-37.6715308
Poços de Caldas,29,-21.790833,-46.565556
Ituiutaba,29,-18.9691887,-49.4639335
Santa Barbara,29,15.0944971,-88.3723217829678
Umbauba,29,-11.3826792,-37.6565562
Ponte Nova,29,-20.4164353,-42.90878
Januaria,29,-15.4875,-44.361111
Nova Lima,29,-19.9854089,-43.8470691
Guaratingueta,29,-22.8057839,-45.1908926
Lajedo,29,-8.657914,-36.329336
Matozinhos,28,-19.5576547,-44.0816035
Itacuruba,28,-8.7283861,-38.6867735
Macuco,28,-21.9849747,-42.2539464
Catole do Rocha,28,-6.340625,-37.746967
Embu Guacu,28,-23.8317997,-46.8156204
Alvorada,28,-29.9981184,-51.0772509
Sapucaia,28,-21.9946569,-42.9137975
Nova Venecia,28,-18.7063456,-40.3969786
Candeias,28,-12.6693806,-38.5406462
Aracuai,28,-16.8484451,-42.0661868
Nova Serrana,28,-19.875834,-44.984166
Altamira,28,43.3768445,-4.1197476
Mairinque,28,-23.5401247,-47.1846323
Paulo Afonso,28,-9.3991006,-38.226711
Solanea,27,-6.7540351,-35.6621943
Araraquara,27,-21.7886713,-48.1773096
Rio Bonito,27,-22.7108378,-42.6271864
Uba,27,-21.12,-42.942777
Arapongas,27,-23.415296,-51.42592
Itambacuri,27,-18.0391974,-41.6751876
Jaraguá do Sul,27,-26.4897432,-49.0778063
Congonhas,27,-20.5015168,-43.8564586
Vargem Grande Paulista,27,-23.6245472,-47.0229536002509
Pato Branco,27,-26.2295984,-52.6712474
Joao Monlevade,27,-19.809444,-43.173334
Balsas,26,-7.53214,-46.037163
Foz do Iguaçu,26,-25.5401479,-54.5858139
Coracao de Maria,26,-12.2484345,-38.7499274
Itamaraju,26,-17.0363103,-39.527994
Jaboticabal,26,-21.252037,-48.325223
Lauro de Freitas,26,-12.89242,-38.3127691
Ijui,26,-28.388048,-53.91996
Osorio,26,-29.8890328,-50.2730224
Janauba,26,-1.6345,-45.4729583
São Mateus,25,-18.7157663,-39.8492211
Monte Mor,25,-22.95131195,-47.3029060328616
Boa Vista,25,2.8208478,-60.6719582
Mutum,25,-19.817223,-41.438333
Navegantes,25,-26.8898813,-48.6495828
Parambu,25,-6.2123856,-40.6954982
Ouro Fino,25,-22.283056,-46.369167
Cicero Dantas,25,-10.5932265,-38.3834411
Santo Ângelo,25,-28.3000481,-54.2669971
Igarassu,25,-7.8354423,-34.9061125
Itauna,25,-20.075556,-44.576389
Itaberaba,25,-12.524182,-40.305897
Santa Rosa,25,14.15968985,-90.3215051041745
Alvares Machado,25,-22.0652385,-51.4676888978261
Paripueira,25,-9.463133,-35.551977
Patos,25,-7.0258285,-37.2766817
Luziania,25,-16.2535456,-47.9500276
Apucarana,25,-23.5525327,-51.4610764
Guaíba,25,-30.1097392,-51.315379
Itatinga,25,-23.1042417,-48.6134874
Itapetininga,25,-23.588607,-48.048326
Marica,24,-22.9196772,-42.8184375
Carlos Barbosa,24,-29.2980872,-51.5004445
Campo Alegre,24,18.40963675,-66.7798856618628
Rio Brilhante,24,-21.9311714,-54.1779418
Resende,24,-22.4683626,-44.4463494
Ilopolis,24,-28.92825,-52.125816
Santo Antonio,24,-6.3124831,-35.4815907
Sao Raimundo Nonato,24,-9.0150522,-42.6886909
Camaragibe,24,-8.0213832,-34.9810768
Formiga,24,-20.4648425,-45.4266753
Canavieiras,24,-15.6790128,-38.9449622
Cuite,23,-6.4855072,-36.1478606
Matao,23,-21.602603,-48.3645207
Capanema,23,-25.6704878,-53.8083036
Barreiras,23,-12.1440031,-44.9967406
Tapejara,23,-28.069233,-52.0117161
Sarandi,23,-27.942,-52.923085
Malhada dos Bois,23,-10.3450779,-36.9206659
Avare,23,-23.1045215,-48.9259103
Xambioa,23,-6.4084693,-48.5336069
Angra dos Reis,23,-23.0063966,-44.316326
Braganca Paulista,23,-22.9520235,-46.5418586
Ibiquera,23,-12.6489164,-40.9323004
Coronel Fabriciano,23,-19.5200067,-42.6282686
Entre Rios,23,-31.6252842,-59.3539578
Conceicao da Barra,23,-18.5841421,-39.7371844
Caninde,23,-4.3547946,-39.3108516
Itaguai,23,-22.8629597,-43.775322
Pindai,23,-14.4911899,-42.6864686
Ibitinga,23,-21.75623,-48.831903
Cristalina,23,-16.7676079,-47.6131281
Pomerode,23,-26.7356218,-49.1770095
Concordia,22,-27.2314098,-52.0229804
Lins,22,-21.6741873,-49.7518932
Sabara,22,-19.8900372,-43.8107916
Sanharo,22,-8.3628776,-36.5573186
Valerio,22,36.7874463,-4.2246812
Conselheiro Lafaiete,22,-20.6596107,-43.785743
Leopoldina,22,-21.5314282,-42.6403534
Alfredo Chaves,22,-20.6249704,-40.7500669014799
Colinas do Tocantins,22,-8.0612688,-48.4716768
Igarape,22,-20.0687726,-44.3016306
Araucária,22,-25.5861107,-49.4051209
Lorena,22,48.71557405,6.14246019610069
Aracoiaba,22,-4.3702577,-38.8084313
Belo Jardim,22,-8.3338293,-36.4176419
Cruz Alta,22,-28.6451633,-53.6057549
Primavera,21,-2.3370048,-79.4016386
Colatina,21,-19.5478601,-40.6263701
Barretos,21,-20.5531437,-48.5697509
Sao Francisco do Sul,21,-26.2495087,-48.6308087
Ituporanga,21,-27.4096219,-49.6014812
Barra do Corda,21,-5.496823,-45.248496
Saquarema,21,-22.9257974,-42.507633
Vilhena,21,-12.7368536,-60.1465555
Curvelo,20,-18.7571926,-44.4305993
Esteio,20,-29.8511627,-51.1778852
Jaguaribe,20,-5.8838496,-38.6246986
Porteirinha,20,-15.7420889,-43.0286046
Rio Grande,20,29.74434,-102.67467
Catalao,20,-18.1702546,-47.9447082
Vespasiano,20,-19.6940958,-43.9186521
Sao Francisco de Itabapoana,20,-21.4743369,-41.1118362
Bayeux,20,49.2764624,-0.7024738
Dom Eliseu,20,-4.19944255,-47.8245037256768
Uruguaiana,20,-29.7655123,-57.0829466
Custodia,20,-8.0861426,-37.6401873
Medeiros Neto,20,-17.3714581,-40.2224736
Acarau,20,-2.887689,-40.118306
Nossa Senhora do Socorro,20,-10.8553115,-37.1264863
Tubarao,19,-28.471488,-49.014132
Japeri,19,-22.6427642,-43.6533831
Itapema,19,-27.09472,-48.6137778
Batalha,19,-9.6733809,-37.1265481
Uniao da Vitoria,19,-26.2283746,-51.0674424
Macaubas,19,-13.0174846,-42.6882221
Muriaé,19,-21.130556,-42.366389
Caicara do Rio do Vento,19,-5.75690655,-36.011015444075
Itapira,19,-22.436111,-46.821667
Senador Canedo,19,-16.7013233,-49.0914921
Santo Antonio do Amparo,19,-20.9413389,-44.9187397
Miguel Pereira,19,-22.4539417,-43.4691978
Aracruz,19,-19.8245218,-40.2735025
Osvaldo Cruz,19,-22.8705266,-43.350194
Pedreira,19,-22.741347,-46.894846
Peruibe,19,-24.3218105,-46.9977452
Tiangua,19,-3.7307332,-41.0004019
Pinhais,19,-25.4429489,-49.19267
Sorriso,19,-12.5444887,-55.7233972
Monteiro,18,-7.8920179,-37.1232051
Cachoeira Paulista,18,-26.7927162,-49.5319984
Matinhos,18,-25.8187344,-48.5342813
Vicosa,18,-20.7538586,-42.8815888
Redencao do Gurgueia,18,-9.4910467,-44.5847259
Sarzedo,18,-20.0353,-44.1453
Sao Joao da Boa Vista,18,-21.9778137,-46.7881722
Marlieria,18,-19.711867,-42.7343059
Progresso,18,-29.24608675,-52.3167201237718
Cabedelo,18,-6.97324,-34.8351609
Cajazeiras,18,-6.8897849,-38.5570389
Rolandia,18,-23.3119901,-51.3674145
Santos Dumont,18,-21.455867,-43.5522107
Queimadas,18,-7.3640404,-35.9016644
Palo Alto,18,37.4455862,-122.1619289
Cataguases,18,-21.387426,-42.6957219
Fremont,17,37.5482697,-121.9885719
Diamantina,17,-18.2440862,-43.6006487
Itupeva,17,-23.1531055,-47.0580347
Tupa,17,48.1089076,18.8914594
Itaituba,17,-4.2625218,-55.9878139
Patrocinio,17,-18.9408294,-46.9926624
Piraquara,17,-25.4428095,-49.0597917
Graca,17,-4.0453849,-40.7527195
Mogi Mirim,17,-22.433009,-46.9581629
Jacobina,17,-11.1851561,-40.5112434
Bom Sucesso,17,40.2667164,-8.7808292
Marau,17,-28.4493466,-52.2001941
Conselheiro Pena,17,-19.1720883,-41.471995
Caratinga,17,-19.7900887,-42.140533
Guarapuava,16,-25.3950986,-51.4622016
Jarinu,16,-23.0949584,-46.7148636
Barro Alto,16,-11.7618025,-41.9094904
Sapiranga,16,-29.6392382,-51.0068586
Mangueirinha,16,-25.9412009,-52.1740852
Barra do Ribeiro,16,-30.2930206,-51.301437
Sao Jose do Egito,16,-7.469447,-37.273974
Itape,16,-14.8970856,-39.4246637
Paraiso do Tocantins,16,-10.1752474,-48.886759
Aracariguama,16,-23.438611,-47.061389
Brasilandia,16,-21.254428,-52.036519
Mococa,16,-21.464731,-47.002405
Canto do Buriti,16,-8.1112473,-42.944844
Andradas,16,-22.0680484,-46.5688976
Serra Negra do Norte,16,-6.6627568,-37.4010583
Nossa Senhora da Gloria,16,-10.2188811,-37.4199759
Campina Grande do Sul,16,-25.3046032,-49.0545355
Pocao,16,-8.186709,-36.7023901
Alexania,16,-16.0834049,-48.5077803
Xanxere,16,-26.874694,-52.403579
Flores da Cunha,16,-29.030129,-51.1833349
Pirajui,16,-21.9957877,-49.4549675
Sousa,16,-6.7662029,-38.2319607
Porto Feliz,16,-23.23749145,-47.52265865
Pianco,16,-7.1987413,-37.9255755
Armacao de Buzios,16,37.1002625,-8.35375190242837
Sertania,16,-8.068467,-37.268393
Tijucas,16,-27.239404,-48.6353696
Santo Antonio dos Lopes,15,-4.866134,-44.365278
Botucatu,15,-22.8879628,-48.4410712
Panorama,15,20.2886,-97.6361
Saloa,15,-8.9734418,-36.687608
Cerro Azul,15,21.17865905,-97.7561168203829
Inhumas,15,-16.3610569,-49.500111
Gandu,15,-13.7448138,-39.4844732
Barra do Piraí,15,-22.4703403,-43.8263256
Carmopolis,15,-10.64835,-36.98493
Ribeirao Pires,15,-23.7110754,-46.414406
Linhares,15,-19.3816944,-40.0612213
Escada,15,-8.3594071,-35.2232683
Faxinal,15,-24.001065,-51.3223237
Louveira,15,-23.08639,-46.95056
Nova Odessa,15,-22.78135445,-47.2785626949566
Sao Gabriel,15,-30.334214,-54.3227149
Munhoz,15,-22.613056,-46.360556
Araxá,15,-19.5928536,-46.940241
Caçador,15,-26.77567,-51.0120041
Parelhas,15,-6.691369,-36.6584475
Torres,15,-29.3373663,-49.7299648
Marco,15,41.170802,-8.15446894308123
Jaguariaiva,15,-24.2589699,-49.7201518
Conceicao do Coite,15,-11.5629384,-39.2839543
Palmeira dos Indios,15,-9.4112877,-36.6293905
Gurupi,15,-11.72794,-49.068046
Esmeraldas,15,0.8066385,-79.6359711105496
Farroupilha,15,-29.2248595,-51.3405102
Tombos,15,-20.910556,-42.026389
Porto Esperidiao,15,-15.8521665,-58.4693093
Cachoeira,15,-12.5986036,-38.9670146
Curral de Dentro,15,-15.9332656,-41.8568896
Campo Bom,15,-29.674694,-51.060601
Timbo,14,-26.8282737,-49.270641
Montenegro,14,42.7728491,19.2408586
Ouro Branco,14,-9.11450275,-37.3657752424308
Pederneiras,14,-22.351086,-48.778113
Sabinopolis,14,-18.6656839,-43.0830439
Maracas,14,-13.4408898,-40.433052
Doverlandia,14,-16.7210996,-52.3138104
Iepe,14,-22.660165,-51.077881
Dormentes,14,-8.441163,-40.766168
Bagé,14,-31.3287143,-54.1070634
Jardim,14,-21.479941,-56.148902
Itamarandiba,14,-17.8575,-42.859722
Iguaraci,14,-7.8352247,-37.5190066
Sao Joao Nepomuceno,14,-21.5359158,-43.0151428
Piracuruca,14,-3.9304804,-41.7150099
Barra Velha,14,-26.6338203,-48.6835001
Toledo,14,41.6786754,-83.5127283
Jaú,14,-22.293585,-48.559193
Taquara,14,-29.6465318,-50.7805672
Cruz,14,27.9010043,-105.052485104372
Formosa,14,23.59829785,120.835363138175
Santa Cruz do Sul,14,-29.7141799,-52.4284533
Sao Bento do Sapucai,14,-22.680635,-45.6864089821361
Oros,14,64.6863136,97.7453061
Barbalha,14,-7.3066368,-39.3013808
Boituva,14,-23.2854903,-47.6786902
Mirassol,14,-20.8141411,-49.507449
Jaguarari,13,-10.2596039,-40.1965284
Francisco Beltrao,13,-26.0790979,-53.0533527
Umuarama,13,-23.7617057,-53.3079895
Joaquim Nabuco,13,-8.568,-35.5510988372093
Brusque,13,-27.0964628,-48.9136323
Bom Jesus do Galho,13,-19.8286861,-42.3169142
Macaiba,13,-5.8561372,-35.3523774
Itatiba,13,-22.9965861,-46.8412042
Curitibanos,13,-27.2917774,-50.5770241
Itumbiara,13,-18.4135862,-49.2172596
Igarape Miri,13,-1.975326,-48.957453
Sao Goncalo do Amarante,13,-3.6110555,-38.9663249
Ubatuba,13,-23.433162,-45.083415
Montreal,13,45.4972159,-73.6103642
Pedra Azul,13,-16.005556,-41.28
Bocaiuva,13,-17.1160208,-43.8122678
Pindorama,13,-10.3333333,-53.2
Gouvea,13,-21.8372602,-46.5772254595882
Montezuma,13,37.3476546,-108.6260849
Goianira,13,-16.5001973,-49.4254788
Palmares,13,-8.684226,-35.589032
Bady Bassitt,13,-20.9325,-49.4244027777778
Seropedica,13,-22.7438887,-43.6991998
Itacarambi,13,-15.1,-44.092222
Irati,13,-25.469663,-50.649287
Ituacu,13,-13.815529,-41.2981722
Goianesia,13,-15.3118269,-49.1162001
Fonseca,13,10.84200945,-72.7820258353363
Dois Vizinhos,13,-25.7464681,-53.0554369
Sumidouro,13,-22.0498059,-42.6742601
Penedo,12,-10.287422,-36.581905
Schroeder,12,28.8155439,-97.2244347
Crucilandia,12,-20.3985647,-44.3429275
Posto Fiscal Rolim de Moura,12,,
Garcias,12,-20.17370445,-52.4028469136825
Gravatá,12,-8.1993049,-35.5631137
Aurelino Leal,12,-14.3167137,-39.3256107
Lencois Paulista,12,-22.6029897,-48.8031367
Araripina,12,-7.5768582,-40.5038509
Junqueiro,12,-9.9201549,-36.474737
Cerquilho,12,-23.1626556,-47.7433878
Jardim do Serido,12,-6.59043,-36.7736039
Turmalina,12,-20.0530658,-50.4763212
Dona Ines,12,-6.6032239,-35.627146
Santo Amaro,12,-12.5489148,-38.7528771409091
Chapadao,12,-4.1106083,-47.2237983
Lages,12,-27.8165664,-50.325883
Dores do Rio Preto,12,-20.6856469,-41.8176039307313
Caicara,12,-27.2750478,-53.4310053
Limoeiro,12,-7.872599,-35.440154
Santana do Ipanema,12,-9.369989,-37.248018
Santo Antonio de Padua,12,-21.5389992,-42.1799978
Jaguaruana,12,-4.831508,-37.780997
Rio Grande da Serra,12,-23.7385,-46.3870294117647
Dois Irmaos,12,-29.58356,-51.089776
São Miguel do Oeste,12,-26.7278977,-53.5176689
Jardim (2),12,-16.0150694,-47.3805112
Presidente Venceslau,12,-21.7905,-51.8241538461538
Guapimirim,12,-22.5266308,-42.9790687
Amparo,12,10.8355596,-84.656699579937
Sao Joao do Piaui,12,-8.3601426,-42.2487642
Carpina,12,-7.8459151,-35.2538861
Espirito Santo do Pinhal,11,-22.192,-46.7853137254902
Manhumirim,11,-20.3599141,-41.9554606
Itapuranga,11,-15.5605889,-49.9489571
Pirapora,11,-17.3493765,-44.9507904
Maravilha,11,-26.7623898,-53.1747387
Areia,11,-6.9680243,-35.6994783
Almenara,11,-16.1740678,-40.6904907
Itajuba,11,-22.4238234,-45.4524156
Campos do Jordao,11,-22.6929855,-45.5184917977816
Okazaki,11,34.950974,137.260842
Para de Minas,11,-19.8599637,-44.6075313
Icaraima,11,-23.3948345,-53.6162036
Campo Largo,11,-22.5498612,-62.5104769
Socorro,11,34.0572769,-106.8930169
Bannach,11,-7.3508505,-50.4064531
Bela Cruz,11,-3.0529129,-40.167582
Caiabu,11,-22.0143038,-51.2356597
Aldeia Amanajas Tauai,11,,
Barra Bonita,11,-22.47657125,-48.557060625
Guaimbe,11,-21.909072,-49.89861
Sidrolandia,11,-20.930212,-54.969219
Varzelandia,11,-15.701667,-44.027223
Tres Rios,11,-22.1167884,-43.2087226
Iguaba Grande,11,-22.8388498,-42.2286746
Crixas,11,-14.5424536,-49.9694813
Rio Largo,11,44.7787868,7.8740195
Campo Mourao,11,-24.046329,-52.37802
Bastos,11,-21.9200478,-50.7344335
Itapeva,11,-23.9849105,-48.8803886
Sao Mateus do Sul,11,-25.866823,-50.382796
Passos,11,-20.719162,-46.6094507
Santa Ines,11,-13.2897697,-39.8179701
Valenca,11,44.9332277,4.8920811
Barra do Garças,11,-15.8916033,-52.2615413
Paranavai,11,-23.08165,-52.461724
Mendes,10,30.9562518,31.5170889
Arapoti,10,-24.1458941,-49.8228117
Astorga,10,42.4553555,-6.0529025
Casinhas,10,-7.744698,-35.7250923
Altos,10,-5.0393915,-42.4611694
Itatiaiucu,10,-20.1975724,-44.4224889
Ituverava,10,-20.3366604,-47.7797924
Sao Joao dos Patos,10,-6.4934,-43.703623
Sao Felipe,10,-12.8413439,-39.0942048
Votuporanga,10,-20.4252506,-49.97226
Paranaguá,10,-25.5121904,-48.5251854
Nova Era,10,-4.5871117,-47.3817183
Pontes e Lacerda,10,-15.2325947,-59.3335922
Sao Miguel Arcanjo,10,-23.933,-48.0124976076555
Tracuateua,10,-1.0765338,-46.9030822
Anchieta,10,-13.1535638,-41.7743761
Sapeacu,10,-12.7294438,-39.1862263
Eusebio,10,-3.8889838,-38.4546585
Denver,10,39.7391428,-104.984696
Sao Pedro da Aldeia,10,-22.8384835,-42.1031604
Prado,10,41.9203967,-5.4203949
Trizidela do Vale,10,-4.5867213,-44.6071472
Aguas Belas,10,40.3754826,-7.1668241
Pojuca,10,-12.423135,-38.3259707
Ibirapitanga,10,-14.1615686,-39.369522
Alameda,10,37.6090291,-121.899142
Mateus Leme,10,-19.986666,-44.428056
Itaitinga,10,-3.965768,-38.529763
Passagem,10,-7.1364483,-37.0474285
Collierville,10,35.042036,-89.6645266
Nova Vicosa,10,-17.8907712,-39.3725471
Rodeio,10,-26.9233304,-49.3685354
Delmiro Gouveia,10,-9.385336,-37.998676
Sao Sebastiao,10,38.52734715,-8.85704212519293
Juramento,10,-16.8458291,-43.5867351
Aperibe,10,-21.6211928,-42.1028167
Rio Pomba,10,-21.275,-43.178889
Caraguatatuba,10,-23.62028,-45.41306
Catu,10,-12.351274,-38.379108
Jaciara,10,-15.9520115,-54.9762106
Buritis,10,-15.621389,-46.423889
Bom Jesus do Itabapoana,9,-21.1341025,-41.680095
New York,9,40.7308619,-73.9871558
Colinas,9,-29.3866023,-51.8697911
Alta Floresta,9,-9.8715018,-56.0839881
Uruana,9,-15.4998907,-49.6870172
Palmeira das Missoes,9,-27.9010519,-53.3135927
Sacramento,9,,
Bacabeira,9,-2.9775747,-44.3155943
Joao Neiva,9,-19.756346,-40.3848345
Macaparana,9,-7.54122565,-35.4491024779279
Itapage,9,-3.667868,-39.591681
Chapecó,9,-27.1011804,-52.6188987
Piritiba,9,-11.7320314,-40.5561536
Piacu,9,-20.3147782,-41.4091909559655
Tobias Barreto,9,-11.1881379,-38.0031845
Cajuru,9,-21.2759978,-47.3046035
Cambui,9,-22.6122501,-46.0572137
Mato Verde,9,-11.6133499,-41.6242726
Aguas da Prata,9,-21.9365,-46.6961333333333
Lago da Pedra,9,-4.5627272,-45.1298628
Paramirim,9,-13.4437218,-42.2419768
Ubata,9,-14.212002,-39.5245924
Valente,9,-11.4127335,-39.4627304
Porto Franco,9,-6.34149,-47.396188
Ibitirama,9,-20.539374,-41.664695
Pacajus,9,-4.171073,-38.464988
Bom Despacho,9,-19.7375242,-45.2517288
Espera Feliz,9,-20.6494192,-41.9080693
Estancia Velha,9,-29.6529666,-51.1719687
Cachoeiras de Macacu,9,-22.4626861,-42.6534414
Goioere,9,-24.1852026,-53.0249976
Querencia do Norte,9,-23.083758,-53.483022
Olindina,9,-11.3601309,-38.3269571
Pompeia,9,-22.1088293,-50.1720753
Trairi,9,-3.2742763,-39.2651119
Jaiba,9,-15.3373744,-43.6734439
Santa Rita,9,-7.128465,-34.9846186
Sao Francisco do Conde,9,-12.628108,-38.6811326
Campo Maior,9,-4.8339574,-42.1739786
Prudente de Morais,9,-19.4825,-44.155556
Guarabira,9,-6.851386,-35.4916537
Chavantes,9,-23.0406405,-49.7071698
Marataizes,9,-21.0443673,-40.8272204
Guiricema,9,-21.0165457,-42.6961825375
Zdunska Wola,9,51.6028615,18.9333201
Currais Novos,9,-6.2626676,-36.5173039
Artur Nogueira,9,-22.5595,-47.1324464285714
Milha,9,-5.6835028,-39.1972575
Santa Rita do Sapucai,9,-22.2486968,-45.7064507
Cruz das Almas,9,-12.6722649,-39.1053665
Cedro,9,-6.6065382,-39.0599487
Sape,9,-7.093591,-35.227975
Pompeu,9,-19.218611,-45.002778
Toronto,9,43.653963,-79.387207
Sao Lourenco do Sul,8,-31.3660131,-51.9799711
Candido,8,1.2507511,-75.601297
Tefé,8,-3.3485276,-64.7102278
Araguari,8,-18.6511256,-48.1933764
Peixe,8,-12.0390993,-48.5392455
Aroeiras,8,-7.5462904,-35.7080002
Santo Inacio,8,-28.53803,-50.1585491124349
Itarantim,8,-15.6520917,-40.0599067
Americo Brasiliense,8,-21.72396635,-48.03874796875
Arcos,8,-20.282223,-45.539444
Mata de Sao Joao,8,-12.530685,-38.300898
Gameleira,8,-8.579803,-35.384573
Barra do Bugres,8,-15.0683712,-57.1853688
Sertanopolis,8,-23.0600434,-51.0373544
Promissao,8,-21.5404913,-49.8574709
Claudio,8,-20.4403849,-44.7681288
Portao,8,-29.6932554,-51.2331837
Alegres,8,-18.9700126,-49.1822019
Pien,8,53.1655415,44.7879181
Charqueadas,8,-29.955012,-51.6249195
Olho d'Agua das Flores,8,-9.5318374,-37.2939052
Monte Alto,8,43.926443,7.6053958
Teodoro Sampaio,8,-12.3053855,-38.6408979
Indaial,8,-26.900011,-49.2370602
São Bento do Sul,8,-26.2483669,-49.3820672
Rio da Conceicao,8,-11.4277513,-46.9230168
Sao Carlos,8,-22.0183367,-47.890932
Taruma,8,-22.7474736,-50.5783374
Santana do Acarau,8,-3.4596492,-40.2090987
Lajeado,8,-29.4671522,-51.9624046
Registro,8,-24.497942,-47.844895
Parapeuna,8,-22.102868,-43.828812
Campo Verde,8,-24.1647866,-65.2919079
Tres de Maio,8,-27.7799415,-54.2356626
Jaguaquara,8,-13.5294974,-39.9693081
Clementina,8,-21.5915,-50.4776630434783
Guapiacu,8,-20.79663,-49.2253917
Niquelandia,8,-14.4648655,-48.4572244
Ibiuna,8,-23.6548363,-47.2210116
Tamoios,8,-22.723288,-42.02985
Gramado,8,-29.3787488,-50.8724941
Carnauba dos Dantas,8,-6.5528123,-36.5545758402661
Amsterdam,8,52.3745403,4.89797550561798
Uniao,8,-4.5892553,-42.8593348
Paicandu,8,-23.4575884,-52.048988
Pontal,8,-21.0239714,-48.0393457
Santo Antonio da Platina,8,-23.2957157,-50.0778957
Antonio Prado,8,-28.8544878,-51.2803769
Divisopolis,8,-15.7216545,-41.0032019
Governador Celso Ramos,8,-27.317161,-48.557608
Nanuque,8,-17.8391113,-40.3537221
Alegrete,8,-29.790166,-55.794862
Chopinzinho,8,-25.8566167,-52.5294107
Cafelandia,8,-21.803112,-49.609213
Maputo,8,-25.966213,32.56745
Bom Jesus dos Perdoes,8,-23.1353864,-46.4648052
Nova Soure,8,-11.2409332,-38.4774123
Rio Verde de Mato Grosso,8,-18.78477075,-54.9739077727071
Olimpia,8,37.6381951,21.6301481641478
Iguatemi,7,-23.673555,-54.563731
Tremembe,7,-22.95714,-45.547526
Jeremoabo,7,-10.0805832,-38.3436844
Aguai,7,-22.0575,-47.0529176136364
Visconde do Rio Branco,7,-21.01,-42.840833
Aquiraz,7,-3.9027184,-38.3889778
Tres Coroas,7,-29.513719,-50.773869
Estreito,7,-6.5583016,-47.4432212
Joao Camara,7,-5.5349637,-35.8150811
Dores do Turvo,7,-20.975278,-43.188889
San Francisco,7,37.7647993,-122.4629897
Ararangua,7,-28.9348832,-49.4858389
Descalvado,7,-21.9090404,-47.6203241
Vicencia,7,-7.6507234,-35.3117790679301
Monte Azul Paulista,7,-20.91454895,-48.6507623538246
Moncao,7,42.0787023,-8.4813901
Dallas,7,32.7762719,-96.7968559
Jatai,7,-17.8783829,-51.7204241
Moreilandia,7,-7.6298629,-39.5535521
Icara,7,-28.7116553,-49.2971441
Guacui,7,-20.7726679,-41.6750657
Entre Rios de Minas,7,-20.670834,-44.065556
Argoim,7,-12.48488595,-39.693060017498
Tiete,7,-23.1030302,-47.7147937
Caxambu,7,-20.0721743,-44.475726
Malhada,7,-14.3379191,-43.7716651
Presidente Bernardes,7,-20.7685467,-43.1877237
Nova Resende,7,-21.1263862,-46.424537
Salto de Pirapora,7,-23.66,-47.5898076923077
Fort Worth,7,32.753177,-97.3327459
Muritiba,7,-12.624266,-38.9885844
Grao Mogol,7,-21.5781582,-44.6789923
Flores,7,17.16434955,-89.5236885875089
Cruzeiro do Sul,7,-7.6307956,-72.6703869
Sao Jose do Rio Claro,7,-13.4467103,-56.7214365
Taquaritinga,7,-21.407486,-48.5054848
Garopaba,7,-28.0274798,-48.6240197
Juripiranga,7,-7.3743307,-35.2396
Castilho,7,-20.8695636,-51.4877792
Seattle,7,47.6038321,-122.3300624
Santa Cruz do Capibaribe,7,-7.948019,-36.206092
Fernando Pedroza,7,-5.7751868,-36.3645704877667
Santa Isabel do Para,7,-1.2784923,-48.1606849567625
Conceição do Araguaia,7,-8.2696905,-49.2676864
Serrinha,7,-11.66199,-39.0034021
Presidente Epitacio,7,-21.9845,-52.2318585858586
Fairfield,7,38.2493581,-122.0399663
Cianorte,7,-23.662036,-52.6103989
Posse,7,-14.0835852,-46.3563185
Imbituba,7,-28.241827,-48.6643444
San Jose,7,37.3361905,-121.8905833
Santo Antonio do Grama,7,-20.314444,-42.608611
Guararema,7,-23.4141256,-46.0369627
Itapora,7,-22.0799142,-54.7874239
Pinhalzinho,7,-22.7824349,-46.5901718
Vassouras,7,-22.4040394,-43.6633853
Sao Jose de Mipibu,7,-6.0746867,-35.2370184
Araci,7,-11.3356065,-38.9573261
Apuarema,7,-13.8517897,-39.7457126
Corbelia,6,-24.7951117,-53.2961804
Videira,6,-27.00544,-51.1533733
Barra do Jacare,6,-23.1151788,-50.1813945
Antonio Dias,6,-19.6525,-42.872778
Mairiporã,6,-23.3186111,-46.5866667
Lajinha,6,-20.1520595,-41.6240623
Anama,6,-3.5797356,-61.4049996
Catanduvas,6,-21.5631242,-45.4406831
Cayenne,6,4.9371143,-52.3258307
Porto Ferreira,6,-21.847,-47.46195
Gaspar,6,-26.9307306,-48.9566824
Aracati,6,-4.558259,-37.767894
Marialva,6,-23.4820987,-51.795788
Itapipoca,6,-3.499329,-39.583571
Tangua,6,1.0955415,-77.3931457
Morrinhos,6,-17.7333689,-49.105908
Tres Pontas,6,-21.3705706,-45.5121255
Joanopolis,6,-22.9298919,-46.2753405
Sao Gotardo,6,-19.3168844,-46.0476596
Terra Roxa,6,-20.774,-48.3444684588411
Juquitiba,6,-23.932346,-47.0714217
Sao Pedro,6,40.1292582,-8.85560933456
Jacuizinho,6,-29.0342213,-53.0534957
Mari,6,16.3700359,-2.2900239
Adamantina,6,-21.6866517,-51.0762975
Serrolandia,6,-11.4200011,-40.2974938
Mafra,6,-26.1150943,-49.8035982
Orobo,6,-7.74562,-35.6019195
Sao Miguel dos Campos,6,-9.7831115,-36.0967804
Surubim,6,-7.8424353,-35.7539722
Senhora de Oliveira,6,-20.793889,-43.344166
Coronel Vivida,6,-25.9803771,-52.5654277
Casa Branca,6,38.8976998,-77.0365534886228
Maruim,6,-10.7372604,-37.0817469
Montanha,6,-18.1256742,-40.366795
Cristina,6,38.836958,-6.0984014
Amambai,6,-23.108272,-55.2284889
Lagoa,6,-6.1136981,106.910150747509
Paracambi,6,-22.6109158,-43.7096912
Ouricuri,6,-7.884432,-40.0833221
Cupira,6,-8.6053148,-35.9530366
Turvo,6,-28.9277445,-49.6792206
Macedonia,6,41.6171214,21.7168387
Santa Cruz das Palmeiras,6,-21.862,-47.2555621118012
Barcarena,6,-1.5107945,-48.6190679
Mendes Pimentel,6,-18.6611641,-41.4020716
Frecheirinha,6,-3.755572,-40.818019
Conchal,6,-22.337512,-47.172927
Tenente Ananias,6,-6.4641549,-38.1791844
Pitanga,6,-24.759586,-51.7637582
Lapao,6,-11.3827148,-41.833808
Jardinopolis,6,-21.0255126,-47.7706807
Tucurui,6,-3.7740063,-49.670516
Alem Paraiba,6,-21.8760576,-42.6810473
Lidice,6,50.1435834,14.1905224
Aparecida d'Oeste,6,-20.478,-50.91925
Santa Gertrudes,6,-22.473,-47.5309412925506
Nossa Senhora das Gracas,6,-20.4030673,-41.5494139517638
Sao Caetano,6,40.3815606,-8.679195
Pontalina,6,-17.5194703,-49.4489262
Barrocas,6,-11.5165,-39.0992828947368
Vargem Grande,6,-22.9707911,-43.4968914
Mandaguacu,6,-23.3485076,-52.0966215
Maracaju,6,-21.6103956,-55.1664074
Arcoverde,6,-8.415192,-37.057748
Murgeni,6,46.2035169,28.0238773
Itapetinga,6,-15.2454478,-40.2460053
Capelinha,6,-17.693889,-42.518611
Pau dos Ferros,6,-6.1124964,-38.2062628
Itatiaia,6,-11.4244205,-39.8859208
Sao Joao do Caiua,6,-22.8544849,-52.3371114
Simao Dias,6,-10.7389663,-37.8092502
Planura,6,-20.1368583,-48.7066819
Atalanta,6,-27.421916,-49.778863
Valenca do Piaui,6,-6.403013,-41.737498
Viana,6,42.5154725,-2.3713437
Fernandopolis,6,-20.2825647,-50.2500762
Campo Ere,6,-26.3947432,-53.0790495
Santo Domingo,6,18.4801972,-69.942111
Pongai,6,-21.7379814,-49.3584449
Barreirinhas,6,-2.7541271,-42.8259693
Deodapolis,6,-22.276272,-54.168163
Afonso Claudio,6,-20.077841,-41.12606
Cantagalo,5,0.2294719,6.68017602775434
Dumont,5,40.9406541,-73.9968051
Serrita,5,-7.9476953,-39.2957383
Boa Esperanca,5,-21.0901253,-45.5660195
Jitauna,5,-14.017019,-39.8889976
Aracatiacu,5,-3.8771811,-40.0232903
Anapu,5,-3.4668292,-51.2057035
Coromandel,5,-18.473889,-47.200278
Taquarivai,5,-23.9257829,-48.7005328
Guarai,5,-8.835429,-48.511432
Altinopolis,5,-21.021364,-47.3712
Batatais,5,-20.892867,-47.592149
Rio Piracicaba,5,-19.4957664,-42.5284407
Alterosa,5,-21.249166,-46.143055
Vancouver,5,49.2608724,-123.1139529
Caetite,5,-14.0691776,-42.4852428
Nossa Senhora das Dores,5,-10.4927502,-37.1931675
Inconfidentes,5,-22.3168866,-46.3279182
Iraucuba,5,-3.7476035,-39.7842406
Santo Estevao,5,-12.4340621,-39.2556115
London,5,51.5073219,-0.1276474
Camaçari,5,-12.6998188,-38.3260762
Belo Oriente,5,-19.2232523,-42.4807033
Frederico Westphalen,5,-27.35711,-53.3964117
Morungaba,5,-22.88,-46.79167
Arinos,5,-15.917223,-46.106111
Florai,5,-23.3206134,-52.3009856
Esperantina,5,-3.8950963,-42.2370595
Lagoa Nova,5,-6.0948803,-36.4704991
Icarai,5,-3.6740971,-38.6700478
Juina,5,-11.4230908,-58.7570212
Lagoa da Prata,5,-20.022778,-45.5440462
Rio de Contas,5,-13.5803333,-41.8112152
Urucui,5,-7.239439,-44.557683
Ipaba,5,-19.411389,-42.42
Ouro Preto do Oeste,5,-10.7223354,-62.2533413
Guaxupe,5,-21.3087615,-46.7190609
Santa Isabel,5,9.4773508,-79.2390518285641
Terra Boa,5,-11.49964975,-62.4200629706829
Quirinopolis,5,-18.4471859,-50.4546981
Goiana,5,-7.560603,-34.99591
Quatro Barras,5,-25.3708987,-49.0745672
Ibipora,5,-23.265941,-51.052243
Bananeiras,5,-6.7537682,-35.6338343
Arraias,5,-12.9287788,-46.9437231
Pirapozinho,5,-22.2738742,-51.4998867
Ponte Serrada,5,-26.8708566,-52.0164089
Paragominas,5,-2.99564,-47.3548942
Guaianases,5,-23.555665,-46.4093288154922
Tailandia,5,14.8971921,100.83273
Itaja,5,-19.0673379,-51.5495141
Patrocinio do Muriae,5,-21.153333,-42.214444
Santa Helena,5,-15.9686862,-5.7129557
Guariba,5,-21.35938,-48.23158
Sirinhaem,5,-8.5922963,-35.1151914
Duartina,5,-22.414562,-49.408355
Tocantins,5,-10.8855129,-48.3716912
Mamonas,5,-15.0477099,-42.9499586
Ipaucu,5,-23.0552911,-49.6284195
Cassia,5,-20.5796525,-46.9262786
Nova Veneza,5,-22.8281645,-47.1915712548516
Coxim,5,-18.504915,-54.7450251
Abaete,5,43.8157529,11.0014478
Paracatu,5,-17.2174056,-46.8707514
Mucuri,5,-18.0787487,-39.5470583
Inhapi,5,-9.222095,-37.7480654
Laguna,5,14.1696476,121.3336526
Urucuca,5,-14.5913092,-39.2862094
Ichu,5,-11.7490546,-39.1909615
Ipora,5,-24.0039474,-53.7100595
Wrexham,5,53.0465068,-2.9938137
Marechal Candido Rondon,5,-24.5570477,-54.0571457
Rincao,5,-21.5881095,-48.0724258
Espigao Alto,5,-27.61645775,-51.5272376260996
Quilombo,5,-31.5241659,-52.4781861
Contenda,5,-25.678811,-49.535044
Santa Quiteria,5,-4.3336553,-40.1544913
Alagoa Grande,5,-7.04575195,-35.5828090926339
Mendonca,5,-21.1838813,-49.579059
Coronel Martins,5,-26.5124719,-52.6681763
Unai,5,-16.3628767,-46.892413
Espinosa,5,18.41088455,-66.3152555943972
Aguiar,5,-7.0928404,-38.1727215
Barrinha,5,-21.1898849,-48.1550642
Santana do Livramento,5,-30.8894097,-55.5317694
Itubera,5,-13.7360764,-39.1481058
Campo Formoso,5,-10.51055,-40.320031
Bandeirantes,5,-20.3517969,-43.3632760348405
Itajuipe,5,-14.6744381,-39.3759427
Tambau,5,-21.70292,-47.270344
Mortugaba,5,-15.0232826,-42.3695423
Serrania,5,-21.548333,-46.039722
Carangola,5,-20.733056,-42.029445
Sao Lourenco da Mata,5,-8.0067234,-35.015503
Itapemirim,5,-21.0105534,-40.8351239
Taquari,5,-29.79433,-51.865346
Trombetas,5,-0.0569955,-56.8907692
Marechal Floriano,5,-20.4124966,-40.6749858
Araras,5,-22.3569477,-47.3838889
Eldorado,5,30.860159,-100.6008566
Campestre,5,-8.8481634,-35.5660033
Extrema,5,-22.8549109,-46.3190079
Cha Grande,5,-8.238546,-35.4768105022287
Conde,5,46.8791315,1.9862669
Riachao do Jacuipe,5,-11.8071084,-39.3816843
Pinhal Grande,5,-29.3472446,-53.3343023
Auriflama,4,-20.6840418,-50.5554616
Porto Uniao,4,-26.2415136,-51.0813548
Dom Cavati,4,-19.374167,-42.106667
Buritama,4,-21.0664017,-50.1448077
Borda da Mata,4,-22.274167,-46.165278
Porto Real,4,-22.4198366,-44.2897974
Iacu,4,-12.7672074,-40.2106427
Barao de Cocais,4,-19.946111,-43.486944
Novorizonte,4,-16.0178,-42.4072
Santa Ernestina,4,-21.45,-48.3591277777778
Caete,4,-19.897777,-43.670278
Paranacity,4,-22.9304971,-52.1523164
Santa Maria da Boa Vista,4,-8.7784542,-39.8727980885698
Passa Tempo,4,-20.650556,-44.495833
Quixeramobim,4,-5.1983553,-39.2955573
Itambe,4,-15.2435245,-40.6269506
Corumbá,4,-19.0016365,-57.6534316
Barauna,4,-5.0775002,-37.61752
Pontal do Parana,4,-25.574765,-48.3614806
Carmo da Mata,4,-20.558334,-44.8703774
Itai,4,-23.4172598,-49.0935788
Padre Bernardo,4,-15.1676411,-48.2840561
Patrimonio Divino,4,-20.5835656,-41.761314
Alto Araguaia,4,-17.3156528,-53.2169365
Buri,4,45.773995,-0.421175
Bariri,4,-22.0746355,-48.7394852
Abaetetuba,4,-1.721828,-48.878843
Floresta Azul,4,-14.8602238,-39.6561384
Dearborn,4,42.3222599,-83.1763145
Agudos,4,-22.471162,-48.987822
Itirapina,4,-22.2539825,-47.8206468
Oeiras do Para,4,-2.38616,-49.9264483278402
Santa Luzia do Norte,4,-9.6037,-35.823196
Condado,4,-0.1032661,-78.5045937
Cidade Gaucha,4,-23.3816558,-52.9444098
Cerqueira Cesar,4,-23.081,-49.1549896551724
Ararica,4,-29.616832,-50.929128
Cordeiro,4,-22.0287681,-42.3607442
Avelar,4,39.9234255,-8.3571854
Rodelas,4,-8.8485589,-38.7663939
Cardoso,4,-20.080447,-49.9139767
Guara,4,-20.4290496,-47.8250067
Sao Sebastiao do Paraiso,4,-20.9124331,-46.9823296
Araguatins,4,-5.6522925,-48.1158973
Campo Magro,4,-25.3691533,-49.4496921
Barra de Sao Francisco,4,-18.7570902,-40.8916119
Morada Nova,4,-5.1076699,-38.3727852
Benevides,4,-1.3555577,-48.252235
Ibira,4,-21.083032,-49.244833
Marilac,4,-18.5075,-42.080278
Pituba,4,-11.6455827,-42.5195298727929
Senador Amaral,4,-22.5654695,-46.1776916739495
Wagner,4,-12.2818593,-41.1686734
Mamanguape,4,-6.833698,-35.121316
Monte Santo,4,37.8518061,15.1255368
Guapore,4,-28.8471928,-51.8907881
Jaguare,4,-18.9029244,-40.0712037
Nova Cruz,4,-6.482111,-35.4332326
Minacu,4,-13.5336413,-48.2184889
Tapirai,4,-23.9638345,-47.5067136
Penapolis,4,-21.4192406,-50.0765588
Aurora,4,41.7571701,-88.3147539
Granja,4,-3.1212057,-40.8284124
Maxaranguape,4,-5.5175989,-35.2585401
Nazare,4,-13.0345586,-39.0062515
Ariquemes,4,-9.9076522,-63.033069
Agua Boa,4,-14.0522968,-52.1617625
Penha,4,-26.775418,-48.6465251
Satiro Dias,4,-11.6033746,-38.581456
Mantena,4,-18.7809937,-40.9808279
Nova Mutum,4,-13.8255015,-56.0849262
Patu,4,-6.1006213,-37.6385148
Holambra,4,-22.6332028,-47.0545305
Iguatama,4,-20.174445,-45.711111
Capitolio,4,-20.6142437,-46.0487652
Pedro de Toledo,4,-24.1770873,-47.1636560225
Serra Redonda,4,-7.1873318,-35.6803791
Barra do Choca,4,-14.8638173,-40.5761637
Cambe,4,-23.2782857,-51.2799829
Jiquirica,4,-13.255353,-39.5693044
Hidrolandia,4,-11.26533395,-42.1440797906723
Maracai,4,-22.6120503,-50.6674118
Sao Lourenco da Serra,4,-23.8570795,-46.9327429197471
Glorinha,4,-29.8790534,-50.7869437
Pilar,4,11.5092408,123.014320550033
Itaocara,4,-21.6725236,-42.0798658
Capivari,4,-22.995144,-47.50715
Pombal,4,-6.7711315,-37.7988646
Capao Bonito,4,-29.0499046,-53.3000722431088
Alto Parana,4,-25.5,-54.833333
Cabo Verde,4,16.0000552,-24.0083947
Miracema do Tocantins,4,-9.5617939,-48.3966536
Tapes,4,-30.6747721,-51.3986199
Santa Teresa,4,-22.9213991,-43.1882138
Crateus,4,-5.1782451,-40.6696545
Cruzeta,4,-6.4113343,-36.7872964
Barro,4,-17.0568696,-64.9912286
Dom Pedro,4,-3.4583652,-46.0996841
Cangucu,4,-31.398276,-52.6773522
Biguacu,4,-27.4961277,-48.6542432
Novo Recreio,4,-2.6881472,-57.6802333
Armazem,4,-28.2624996,-49.0190126
Ceara Mirim,4,-5.6431585,-35.4246623
Newark,4,40.735657,-74.1723667
Arembepe,4,-12.7718821,-38.1764423
Terra Rica,4,-22.7264874,-52.6202541
Wanderley,4,-12.1208986,-43.8905685
Bela Vista de Goias,4,-16.9692949,-48.9513071
Brasilia de Minas,4,-16.2075114,-44.430559
Camamu,4,-13.9438142,-39.1060917
Parai,4,-28.5966772,-51.7851426
Sao Joao,4,21.6732268,112.795420090664
Santo Antonio do Monte,4,-20.086944,-45.290555
Clifton,4,51.4615884,-2.6202846
Nova Alianca,4,-21.013,-49.4987
Pedras de Fogo,4,-7.36044425,-35.0621940380952
Nova,4,45.5893041,9.2004194
Paraibuna,4,-23.387213,-45.663943
Carazinho,4,-28.2981634,-52.7942363
Teófilo Otoni,4,-17.8579267,-41.5081533
Agua Branca,4,-5.8915913,-42.6343579
Newington,4,41.6978777,-72.7237063
São Borja,4,-28.6575573,-56.0001916
Braganca,4,41.8071182,-6.7589839
Caarapo,4,-22.6349267,-54.8240903
Lagoa Seca,3,-7.148297,-35.8551719460357
Castro Alves,3,-12.7616941,-39.4281088
Monte Alegre,3,-1.9989108,-54.0727694
Monte Carmelo,3,-18.7260939,-47.4958859
Conceicao do Mato Dentro,3,-19.037222,-43.425278
Biritiba Mirim,3,-23.5697765,-46.0407456
Timbauba,3,-7.5118822,-35.316076
Pitangueiras,3,-22.8171281,-43.1799542
Martinopolis,3,-22.146153,-51.170949
Itabaianinha,3,-11.2760142,-37.78666
Itapiuna,3,-4.5654191,-38.9211537
Sao Francisco do Gloria,3,-20.790069,-42.2679636
Picarras,3,-26.7638889,-48.6716667
Triunfo,3,-29.9407972,-51.7191859
Navirai,3,-23.0630419,-54.1981123
Santo Antonio de Posse,3,-22.6125,-46.944234375
Simplicio Mendes,3,-7.8578604,-41.9091375
Vera Cruz,3,-12.9608153,-38.6099216
Agrestina,3,-8.4558021,-35.9442663
Sao Miguel do Guama,3,-1.5521311,-47.447217101719
Telemaco Borba,3,-24.3282939,-50.6318021
Santa Cruz,3,50.7504894,20.7829122
Centenario do Sul,3,-22.821497,-51.5951456
Castelo,3,-20.6034476,-41.2033505
Guaira,3,-24.0851924,-54.2567519
Piratininga,3,-22.4136363,-49.1351479
Encantado,3,-29.2397678,-51.8762412
Anicuns,3,-16.4606451,-49.9572265
Sao Jose da Laje,3,-8.992,-36.03325
Fernandes,3,37.6195907,-7.6196652
Laranjal Paulista,3,-23.050564,-47.837549
Coqueiral,3,-21.1850224,-45.4390315
Jardim Alegre,3,-27.80125195,-51.5838410086211
Regente Feijo,3,-22.1989352,-51.2994364111111
Guaribas,3,-9.3957375,-43.6877965
Horizontina,3,-27.627931,-54.3090256
Jersey City,3,40.7281575,-74.0776417
Nazare Paulista,3,-23.1811175,-46.3950056
Apodi,3,-5.6631109,-37.796927
Caapiranga,3,-3.3188884,-61.2096404
Paraiba do Sul,3,-22.1636384,-43.2916915
Padre Marcos,3,-7.353889,-40.9073555
Riachao,3,-15.3106795,-41.0181707
Iturama,3,-19.7272733,-50.193488
Tramandai,3,-29.9857732,-50.1313662
Morro,3,-2.633192,-80.3273764
Camacan,3,-15.4166631,-39.4930088
Mangabeira,3,-4.1327424,-38.1843285
Banabuiu,3,-5.3046404,-38.919766
Arroio do Silva,3,-30.7142155,-52.3461374
Caririacu,3,-7.0417053,-39.2835527
Itaruma,3,-18.7645529,-51.348516
Massaranduba,3,-7.1812758,-35.7330712
Piripiri,3,-4.2732339,-41.7785173
Raposos,3,-19.967223,-43.804167
Rio do Sul,3,-27.2159593,-49.6436982
Rio Casca,3,-20.4583452,-42.6672137
Santa Vitoria,3,37.91911195,-8.02875368546841
Brumadinho,3,-20.143611,-44.2
Itirucu,3,-13.5338389,-40.1502444
Arezzo,3,43.4640246,11.8604618783394
Jerumenha,3,-7.0880338,-43.5078454
Virginia,3,37.1232245,-78.4927721
Lucena,3,37.4091334,-4.4860128
Porecatu,3,-22.753724,-51.37949
Barra de Sao Miguel,3,-7.6795281,-36.3056789378502
Piraju,3,-23.1897822,-49.3840493
Arroio Trinta,3,-26.9301976,-51.334928
Somerset,3,51.083333,-3.0
Vargem Alta,3,-20.6742303,-41.010615
Canela,3,-29.3624657,-50.8134204
Virgem da Lapa,3,-16.8071554,-42.3376458
Sete Barras,3,-24.295,-47.9425131578947
Iuna,3,-20.3427029,-41.5360386
Beauharnois,3,45.3139778,-73.875834
Claro dos Pocoes,3,-17.0758235,-44.2117357
Sao Miguel do Tocantins,3,-5.5549817,-47.5747649
Ruy Barbosa,3,-12.2856669,-40.4958361
Cidade,3,39.4617752,-9.1928495
Inhapim,3,-19.5501834,-42.1209879
Rio Negrinho,3,-26.1717112,-49.4269557
Itaqui,3,-29.131051,-56.551478
Pires do Rio,3,-17.3006277,-48.2793037
Repartimento,3,-5.1227679,-57.9614059336704
Saint Paul,3,43.697972,7.1216304
Buerarema,3,-14.9571177,-39.3008035
Lagoa Vermelha,3,-28.2094378,-51.5270315
Northbrook,3,42.1299234,-87.8299476
Boca da Mata,3,-9.663,-36.1634
Toritama,3,-8.0083743,-36.058776
Ipojuca,3,-8.3980773,-35.0611068
Guabiruba,3,-27.0864326,-48.9781319
Bangu,3,11.6423598,4.64906472499114
Muniz Freire,3,-20.4648633,-41.4153422
Porto Murtinho,3,-21.698078,-57.883586
North Bergen,3,40.8042674,-74.012084
Rio Bananal,3,-16.1145752,-42.1725566
Alto Bela Vista,3,-6.5122944,-38.4160888
Piracanjuba,3,-17.3020379,-49.0170101
Bom Jardim de Minas,3,-21.9476466,-44.1906033
Brodosqui,3,-19.8076764,-43.9877643
Ivoti,3,-29.5934057,-51.1599403
Los Angeles,3,34.0536834,-118.2427669
Santo Antonio do Pinhal,3,-22.8278811,-45.699807437682
Lagoa dos Gatos,3,-8.67855195,-35.8607745188332
Senhor do Bonfim,3,-10.4602509,-40.189151
Florania,3,-6.1268685,-36.8183238
Flushing,3,40.7654301,-73.8174291
Jaguapita,3,-23.1102516,-51.5327741
Arceburgo,3,-21.364444,-46.939722
Dores do Indaia,3,-19.4636451,-45.60166
Mundo Novo,3,-23.9378876,-54.2859489
Lumiar,3,38.7713305,-9.16376832977457
Buriti Alegre,3,-18.1377879,-49.0404411
Santa Clara,3,37.3541132,-121.9551744
Miami,3,25.7742658,-80.1936589
Bofete,3,-23.1019554,-48.2610535
Mar de Espanha,3,-21.866945,-43.01
Sao Joaquim de Bicas,3,-20.0489052,-44.2731691
Caldeirao Grande,3,-11.0208483,-40.3041387
Amorinopolis,3,-16.6211308,-51.0949921
Carmo do Rio Claro,3,-20.972223,-46.118611
Independencia,3,16.21357175,-91.9054476251586
Cabreuva,3,-23.3075542,-47.1324337
Morro do Chapeu,3,-11.5500293,-41.1570248
Bonito de Santa Fe,3,-7.3143332,-38.5146677
Ibirama,3,-27.0536613,-49.5191153
Nossa Senhora de Lourdes,3,-10.0781524,-37.05689
Macau,3,22.1899448,113.5380454
Mangaratiba,3,-22.9600193,-44.04111
Curiuva,3,-24.0383013,-50.455484
Miracema,3,-21.4123651,-42.1965147
Senhora da Gloria,3,-18.453669,-44.175626
Estancia,3,-11.2682255,-37.4378341
Pitangui,3,-19.682223,-44.890555
Salinas da Margarida,3,-12.8733508,-38.7593794
Presidente Medici,3,-11.24637385,-61.8818598765255
Alegre,3,-20.7625787,-41.5318886
Porto Belo,3,-27.1542415,-48.5424395
Dracena,3,-21.484311,-51.535034
Imbau,3,-24.447597,-50.7557188
Basel,3,47.5581077,7.5878261
Camocim,3,-2.9009918,-40.8427389
Inhauma,3,-19.490277,-44.389166
Itabaiana,3,-10.6856197,-37.4270517
Brasopolis,3,-22.4742842,-45.6165577
Monte Alegre de Sergipe,3,-10.0281128,-37.5622724
Aracoiaba da Serra,3,-23.54235855,-47.6491647818807
Barroquinha,3,-3.0215478,-41.1340624
Silva Jardim,3,-28.6455,-52.0262888888889
Morro Agudo,3,-20.7276692,-48.052795
Taio,2,46.3205899,11.0668144
Galileia,2,-19.0008674,-41.5383935
Piquete,2,-22.6138451,-45.1777096
Rodeiro,2,42.6490377,-7.9481672
Muniz Ferreira,2,-13.0012551,-39.1102126
Rafard,2,-23.0142111,-47.5275786
Asunción,2,-25.2959916,-57.6311196
Bonito,2,41.09772,15.001344
Varzea da Canabrava,2,-13.6324201,-41.9518385
Itapaci,2,-14.9522349,-49.5511221
Aluminio,2,-23.5203479,-47.2575256
Calumbi,2,-7.9389746,-38.1516871
Prata,2,39.8310958,-8.2509517
Pacatuba,2,-3.9841,-38.6180383
Rosario,2,-32.9595004,-60.6615415
Capao da Canoa,2,-29.7542937,-50.0215684
Laranjeiras do Sul,2,-25.4073197,-52.4150132
Sao Jose do Goiabal,2,-19.925098,-42.7083162
Aiuaba,2,-6.5710836,-40.1212278
Bacaxa,2,-22.7205818,-42.5225525
Ipua,2,-20.4441839,-48.012504
Acu,2,-0.872345,-47.9466467
Nacip Raydan,2,-18.4575634,-42.2496073
Jose Boiteux,2,-26.962072,-49.6262509
Orlandia,2,-20.720278,-47.886667
Santo Antonio da Patrulha,2,-29.826768,-50.517489
Terra de Areia,2,-29.5789455,-50.06336
Pirapora do Bom Jesus,2,-23.3775416,-46.9775303916667
Poco das Trincheiras,2,-9.285,-37.2958269230769
Rosario do Sul,2,-30.2527151,-54.9179382
Santa Rosa de Viterbo,2,5.8746789,-72.9825064
Areia Branca,2,-4.9506652,-37.1263312
Japaratuba,2,-10.5934888,-36.941514
Nova Prata,2,-28.784398,-51.6105402
Raposa (1),2,33.647753,-117.599019
Cunha,2,-23.07753,-44.9567436
Sao Manuel,2,-22.697358,-48.5110721
Melrose Park,2,41.9005865,-87.8567277
Brejoes,2,-13.1033754,-39.7909837
Coruripe,2,-10.1249963,-36.1760623
Aragoiania,2,-16.9146388,-49.4499148
Estrela dOeste,2,-20.248,-50.4099363395225
Espumoso,2,-28.7256962,-52.8453751
Cesario Lange,2,-23.22066875,-47.9433357589831
Reading,2,51.456659,-0.9696512
Bom Jesus do Norte,2,-21.1254776,-41.6711646
Rio Verde,2,-17.7921255,-50.9191219
Marcos Parente,2,-7.1216428,-43.8892251
Santa Lucia,2,13.8250489,-60.975036
Demerval Lobao,2,-5.3640643,-42.673993
Avanhandava,2,-21.4603331,-49.9465156
Sitio Sebastiao Lopes Dias,2,-22.5623816,-45.5611061
Rio das Pedras,2,-18.4253334,-43.4884927
Frankfurt am Main,2,50.1106444,8.6820917
Breves,2,-1.68036,-50.479085
Oeste,2,39.3315979,-9.17863928610299
Coronel,2,-37.0079213,-73.1585127
Pimenta Bueno,2,-11.6767868,-61.1863902
Santa Vitoria do Palmar,2,-33.5195569,-53.3692659
Mantenopolis,2,-18.8626177,-41.1224012
Capitao,2,-29.2718294,-51.9869716
Ibiracu,2,-19.8309496,-40.3686594
Alpinopolis,2,-20.863611,-46.387777
Alianca,2,-7.60398,-35.222696
Sao Miguel do Araguaia,2,-13.2726442,-50.1627219
Nova Esperanca,2,-16.55504565,-43.9639260738638
Lucelia,2,-21.718203,-51.021511
Canarana,2,-11.6870151,-41.7683675
Magalhaes,2,-18.30841,-43.008067
Loanda,2,-22.9320944,-53.1352452
Sao Goncalo do Para,2,-19.982778,-44.859167
Muqui,2,-20.9560116,-41.3530867
Pastos Bons,2,-6.6013999,-44.0878124
Macarani,2,-15.5610861,-40.4226078
Ze Doca,2,-3.270145,-45.655344
Matoes dos Caboclos,2,,
Arataca,2,-15.2617424,-39.4122943
Campos Borges,2,-28.88425875,-53.0165458847524
Terenos,2,-20.4409259,-54.8656049
Buriti Bravo,2,-5.8391884,-43.8367876
Frutal,2,-20.0220064,-48.9280076
Salgado,2,-11.0282445,-37.4782803
Lindolfo,2,-34.9094932,-56.2128599
Costa Rica,2,10.2735633,-84.0739102
Sao Joao Evangelista,2,-18.548023,-42.7652888
Araquari,2,-26.3703324,-48.7210994
Moreno,2,-8.108706,-35.08354
Ibiapina,2,-3.9228792,-40.8890296
Sao Jose do Cedro,2,-26.4555904,-53.4954785
Sao Jose de Piranhas,2,-7.1198508,-38.4991347
Córdoba,2,37.8849779,-4.7760131
Jucurutu,2,-6.0343518,-37.0186249
Piuma,2,-20.8375312,-40.7271589
Campanha,2,-21.8361108,-45.401986
Nova Modica,2,-18.4389859,-41.4973651
Palmitos,2,-27.0711023,-53.1596594
Las Vegas,2,36.1662859,-115.149225
Jaragua,2,-15.7529479,-49.3344281
Cunha Pora,2,-26.8927163,-53.1716516
Riacho Fundo,2,-7.6948344,-36.8728275
Harrisburg,2,40.2663107,-76.8861122
Salto Grande,2,-51.0676516,-73.0065621
Major Isidoro,2,-9.5326559,-36.9862043
Ceres,2,45.3133772,7.3896883
Guaramirim,2,-26.468753,-49.002628
Abrantes,2,39.44010295,-8.12823640725167
Andira,2,-23.0494761,-50.2310027
Ribeira do Amparo,2,-11.0412527,-38.4299461
Piratini,2,-31.448451,-53.1039931
Taperoa,2,-13.537334,-39.0986475
Gaviao,2,39.44956775,-7.91305259978899
Quissama,2,-22.107205,-41.4723411
Aracu,2,-16.3561579,-49.6815269
Arroio do Meio,2,-29.4020392,-51.9444993
Muzambinho,2,-21.3727087,-46.51927
Nova Europa,2,-21.7775,-48.5531250145091
Saude,2,-22.8971835,-43.1841545
Tamandare,2,-8.7500009,-35.1045787
Pacaja,2,-3.8354195,-50.6399248
Bananal,2,-22.6828195,-44.3221095
Eugenopolis,2,-21.0968165,-42.1850985
Brasnorte,2,-12.1227151,-58.0050109
Corupa,2,-26.42464,-49.245968
Sao Joao do Paraiso,2,-15.6526133,-39.4721085079512
Abadiania,2,-16.1947225,-48.7068117
Aguas Lindas,2,-1.4106819,-48.3925318
Pequeri,2,-21.8369971,-43.1207799
Cardoso Moreira,2,-21.4894916,-41.6152776
Carmo do Paranaiba,2,-18.9992327,-46.306916
Barrolandia,2,-9.837246,-48.7264346
San Ramon,2,37.7799273,-121.9780153
Porto da Folha,2,-9.9152762,-37.2791369
Silvania,2,4.43196765,-74.3686920519907
Tapuirama,2,-19.1551686,-47.9889192931035
Paraopeba,2,-19.2756738,-44.4033241
Xavantina,2,-27.0713302,-52.34048
Pradopolis,2,-21.3597815,-48.0746603
Conceicao de Macabu,2,-22.0849986,-41.8679947
Guaporema,2,-23.340218,-52.778605
Ilha Solteira,2,-20.483,-51.327975
Gilbues,2,-9.8295491,-45.3389933
Erval d'Oeste,2,-25.686874,-53.035579
Milagres,2,-12.864635,-39.861092
Ibia,2,-19.4771843,-46.5386956
Jacarezinho,2,-23.159115,-49.973889
Reriutaba,2,-4.1418352,-40.5824356
Lagoinha,2,-23.0898337,-45.1903825
Tabuleiro,2,-21.3585,-43.2621830357143
Nova Londrina,2,-22.7633621,-52.9875908
Juara,2,-11.2535587,-57.5080072
Serra Negra,2,-22.61222,-46.70056
Mongagua,2,-24.0959454,-46.6234361
Ribeirao Branco,2,-24.2172436,-48.7644001
Jaguari,2,-29.498143,-54.6931868
Rio Tinto,2,41.1807166,-8.5575691
Quarai,2,-30.3752377,-56.450898
Guararapes,2,-21.2537115,-50.6441746
Ubirata,2,-12.913662,-55.210561
Campo Belo do Sul,2,-27.8987563,-50.7586887
Lambari,2,-21.9754009,-45.3505415
Nova Petropolis,2,-29.3759836,-51.1123342
Bombinhas,2,-27.1519159,-48.4875691
Engenheiro Beltrao,2,-23.7996003,-52.2592684
Sao Salvador,2,13.6989939,-89.1914249
Santa,2,45.6039807,9.3005709
Poxoreo,2,-15.6350835,-56.1568378
Fartura,2,-23.3903826,-49.5105147
Irupi,2,-20.33904985,-41.6237570582152
Serra Preta,2,-12.1589615,-39.3320929
Capao do Leao,2,-31.779271,-52.4589246219927
Itaperucu,2,-25.21926,-49.345427
Lapa,2,-25.76709,-49.716777
Itacaja,2,-8.392935,-47.772615
Sao Joaquim da Barra,2,-20.5817899,-47.8606374
Venda Nova,2,-19.8084764,-43.9767672677669
Igarapava,2,-20.0411471,-47.7477444
Sao Domingos,2,15.0302377,-23.530823428842
Guabiraba,2,-6.23104,-44.3725937
Paraty,2,-23.2221123,-44.7174701
Jaua,2,-15.8959278,37.8302331
Jaru,2,-10.431826,-62.478769
Mineiros do Tiete,2,-22.47,-48.43645
Piracaia,2,-23.052545,-46.359374
Delta,2,,
Montividiu,2,-17.4439339,-51.172815
Butia,2,-30.1256795,-51.9692224
Ribeira do Pombal,2,-10.837299,-38.538152
Sao Goncalo do Sapucai,2,-21.90562715,-45.6107014410714
Paraguacu,2,-21.547222,-45.7375
Sao Felix do Piaui,2,-5.932388,-42.1135317
Itapui,2,-22.2346755,-48.7189744
Coroata,2,-4.1282283,-44.1360269
Igrejinha,2,-29.569318,-50.791894
Luisburgo,1,-20.4394,-42.1025
Acegua,1,-31.8695131,-54.1615593
Itamogi,1,-21.078334,-47.048333
Luiziania,1,-21.6764752,-50.3278714
Conceicao,1,-7.5565059,-38.5053706
Ibicare,1,-27.088141,-51.368101
Conceicao do Caninde,1,-7.8774025,-41.5961417
Riozinho,1,-29.6404582,-50.4596262
Brejo Santo,1,-7.4909841,-38.9859152
Santa Rita do Passa Quatro,1,-21.6785,-47.5198208333333
Sao Sebastiao do Passe,1,-12.5177926,-38.4921566
Jequeri,1,-20.453056,-42.666111
Itapagipe,1,-19.9033884,-49.3666934
Eloi Mendes,1,-21.6094062,-45.5653995
Rio Formoso,1,-21.3976881,-43.3066278
Borrazopolis,1,-23.9393362,-51.5850786
Salgueiro,1,-8.073734,-39.12469
Chattanooga,1,35.0456297,-85.3096801
Santo Anastacio,1,-21.974662,-51.652662
Itapolis,1,-21.5958368,-48.8122696
Lavras da Mangabeira,1,-6.7519554,-38.9634019
Monte Carlo,1,43.7402961,7.426559
Marilena,1,-22.7358333,-53.04
Taquaritinga do Norte,1,-7.8721562,-36.1788029212433
Baturite,1,-4.3290203,-38.8821055
Sao Tomas de Aquino,1,-20.784444,-47.098055
Ouro Verde,1,-21.4975,-51.7193802083333
Cameta,1,-2.242949,-49.497885
Girua,1,-28.0276856,-54.3518549
Iracemapolis,1,-22.583234,-47.522963
Baixa Grande,1,-11.9630941,-40.1657537
Campo Novo,1,-27.6792143,-53.8051654
Cacapava do Sul,1,-30.5113286,-53.4916761
Boca do Acre,1,-8.5717733,-68.2743639878733
Entre Ijuis,1,-28.361628,-54.2670019
Hutchinson,1,38.0608444,-97.9297743
Santo Amaro da Imperatriz,1,-27.6852706,-48.7812528
Vila Muriqui,1,-22.920887,-43.947087
Ipupiara,1,-11.82207,-42.6111388
Pacaembu,1,-21.562661,-51.265366
Alegria,1,43.1004352,-2.0983582
Vila Real,1,39.9370604,-0.1006825
Palmeira,1,-25.4269718,-49.9987787
Dois Corregos,1,-22.4425,-48.333375
Remigio,1,-6.93826475,-35.8482025331391
Nova Itarana,1,-13.0280762,-40.0678848
Agronomica,1,-27.2660744,-49.7104753
Isidro Casanova,1,-34.7047876,-58.5861609
Ipiranga,1,-23.58927255,-46.6061620666765
Palmeira d'Oeste,1,-20.4,-50.7665264705882
Pontes Gestal,1,-20.17891,-49.7415712154762
Canapolis,1,-18.7228793,-49.2016329
Guatambu,1,-27.1333139,-52.7852104
Sao Joao do Manteninha,1,-18.7229295,-41.1615277
Pirangi,1,-21.0984037,-48.6740537
Santa Maria da Vitoria,1,-13.3901477,-44.2013167
Tapurah,1,-12.742385,-56.512037
Piranga,1,-20.685,-43.3
Morsang-sur-Seine,1,48.5708802,2.4924457
Sao Jose do Jacuipe,1,-11.4244205,-39.8859208
Conceicao do Almeida,1,-12.7772763,-39.1692214
Guaratuba,1,-25.8806192,-48.5750905
Grupiara,1,-18.492777,-47.7225
Sao Joao do Rio do Peixe,1,-6.7291053,-38.4478745
Sao Jose do Norte,1,-32.00079635,-51.9909187343937
Rio Novo,1,-21.4753189,-43.1250813
Iati,1,-9.0426669,-36.8466803
Siqueira Campos,1,-23.687481,-49.830416
Sao Bras do Suacui,1,-20.625,-43.948889
Nazario,1,-16.5807689,-49.881671
Barao de Juparana,1,-22.3406532,-43.6833441
Proenca-a-Nova,1,39.71812685,-7.8615663708145
Igaracu do Tiete,1,-22.542,-48.5651081871345
Montevideo,1,-34.9059039,-56.1913569
Grand Rapids,1,42.9632405,-85.6678639
Planalto,1,-14.6689214,-40.481006
Sao Jose de Uba,1,-21.3595365,-41.9389905
Uirauna,1,-6.521424,-38.4120654
Chicago,1,41.8755616,-87.6244212
Miguel Calmon,1,-11.4309436,-40.5976501
Hopkins,1,,
Belapur,1,29.36316025,80.7234362804887
Paranapanema,1,-23.390161,-48.720868
Coimbra,1,40.2109801,-8.4292057
Antonina,1,-25.4298854,-48.7125431
Marituba,1,-1.3595306,-48.3361504
Barra Longa,1,-20.2831591,-43.0422041
Caceres,1,39.4745175,-6.3716761
Recarei,1,41.1536564,-8.4122951
Alto Rio Novo,1,-19.03990545,-41.0228451316256
Governador Portela,1,-22.482394,-43.506325
Santana,1,18.4538553,-66.6632959188745
Monsenhor Tabosa,1,-4.7892224,-40.0630242
Tupaciguara,1,-18.5932122,-48.6999014
Ivai,1,-25.0069795,-50.8568896
Baependi,1,-21.959162,-44.8899249
Conceicao do Rio Verde,1,-21.881078,-45.0868526
Jaci,1,-20.8844434,-49.5710544
Itariri,1,-24.2900711,-47.176151
Sao Luiz Gonzaga,1,-28.4074546,-54.9609081
Catigua,1,-21.0491485,-49.0578923
Guaranesia,1,-21.3024827,-46.7956962
Brejetuba,1,-20.1475033,-41.2868561
Carajas,1,-4.5658733,-50.2776717
Charqueada,1,-22.50958,-47.775468
Maia,1,46.5811811,24.8481842
Cocal,1,-3.4691882,-41.555851
Parobe,1,-29.624257,-50.83118
Catanduva,1,-21.1331035,-48.9712817
Juatuba,1,-19.9546893,-44.3405188
Areial,1,-7.0501306,-35.9245244
Sao Bento do Una,1,-8.5207092,-36.4445546
Sao Joao da Mata,1,-21.930278,-45.928889
Cruzeiro do Oeste,1,-23.7839582,-53.0709425
Conceicao da Aparecida,1,-21.094166,-46.204444
Alagoinha,1,-8.4663372,-36.7748832
Umirim,1,-3.6777738,-39.348725
Riachinho,1,-16.2212448,-45.9997305
Cedar Rapids,1,41.9758872,-91.6704053
Santa Terezinha,1,-7.4460603,-37.4415775032975
Camutanga,1,-7.4092965,-35.2738166
Barracao,1,-26.252395,-53.6349576
Garuva,1,-26.0294904,-48.8545202
Garca,1,-22.2125766,-49.6547994
Victoria,1,-36.5986096,144.6780052
Alvorada do Sul,1,-22.7807269,-51.2307721
Sao Joao de Iracema,1,-20.5235,-50.3633125
Palmeiras de Goias,1,-16.8102393,-49.9234165
Elk Grove Village,1,42.0041236,-87.9706457
Johannesburg,1,-26.205,28.049722
Rolante,1,-29.6527945,-50.5769391
Sales Oliveira,1,-20.8215,-47.8435735294118
Santana da Vargem,1,-21.249062,-45.5054728
Cambuci,1,-21.5749919,-41.9107833
Botuvera,1,-27.200749,-49.068892
Potengi,1,-7.0915205,-40.0268241
Itueta,1,-19.3962456,-41.2263075
Quata,1,-22.2470977,-50.7003624
Anguera,1,-12.1509688,-39.245251
Guarus,1,-21.718068,-41.3232559
Joselandia,1,-4.9860047,-44.696953
Contendas,1,-4.745722,-39.973755
Rolling Meadows,1,42.0841936,-88.0131275
Lake Orion,1,42.7844752,-83.2396612
Getulina,1,-21.7996435,-49.9287105
Salto do Itarare,1,-23.6038767,-49.626581
Vila Pereira,1,-17.90498075,-40.6646812768696
Poco Verde,1,-10.7192826,-38.1721768
Quartel Geral,1,-19.2730674,-45.5570007
Joaquim Gomes,1,-9.0755,-35.7864977129788
Sao Joaquim,1,-23.5613712,-46.6385904
Guarda Mor,1,-17.7698054,-47.0991762
Sao Luis do Quitunde,1,-9.243,-35.6422419354839
Placido de Castro,1,-10.3239154,-67.1824196
Nepomuceno,1,-21.232242,-45.2347848
Sao Sebastiao do Cai,1,-29.5911777,-51.3778772
Agua Doce,1,-14.7051374,-39.8915064576923
Riachuelo,1,-27.5136925,-58.5946999
Guamare,1,-5.1075294,-36.3196635
Pinheiral,1,-22.5129436,-44.001435
Sao Jose do Rio Pardo,1,-21.596,-46.8628566625111
Matias Olimpio,1,-3.7150636,-42.5547925
Jose Bonifacio,1,-23.564091,-46.434766582998
Guajara Mirim,1,-10.7804239,-65.3327825
Massape,1,-3.5239058,-40.3423107
Santa Cruz do Rio Pardo,1,-22.88358245,-49.6109217615385
Haarlem,1,52.3885317,4.6388048
Ministro Andreazza,1,-11.1804181,-61.5834266745065
Caldas,1,5.3302514,-75.2873471
Itapecerica,1,-20.472778,-45.125556
Pato Bragado,1,-24.6270545,-54.2264587
Extremoz,1,-5.701433,-35.30484
Podesta,1,45.8864585,11.5086603
Jaguaruna,1,-28.6237365,-49.0288664
Lomas de Zamora,1,-34.7573682,-58.4020375
Atlanta,1,33.7490987,-84.3901849
Rio da Prata,1,38.4708191,-9.1877031
Cherepovets,1,59.128696,37.916389
Baotou,1,40.660201,109.8303243
Ivaipora,1,-24.2433517,-51.6719268
Eduardo,1,-0.38875185,29.5942033951416
Itupiranga,1,-5.1337224,-49.3321988
Miguelopolis,1,-20.179612,-48.030997
Mandaguari,1,-23.5224849,-51.6787511
Diamante,1,39.6777304,15.8211279
Frei Miguelinho,1,-7.9404273,-35.9231768864428
Centro,1,47.5490251,1.7324062
Santa Cruz Cabralia,1,-16.2815556,-39.0239196
Botafogo,1,-22.94884465,-43.179829096253
Corrego do Bom Jesus,1,-22.626157,-45.990998876098
Lagoa Formosa,1,-9.6263597,-43.126021
Moju,1,-1.889926,-48.766765
Sangao,1,-28.6397512,-49.1266106
Tapiratiba,1,-21.46824,-46.7493221
Matelandia,1,-25.2404183,-53.9835004
Santana do Matos,1,-5.9468972,-36.6502541
Atalaia,1,39.4796593,-8.4535798
Vargem Grande do Sul,1,-21.832194,-46.891286
Alexandria,1,31.199004,29.894378
Xexeu,1,-8.8036743,-35.6244442
Jamaica,1,18.1850507,-77.3947693
North Las Vegas,1,36.2008371,-115.1120958
Resplendor,1,-19.3254413,-41.2554622
Istanbul,1,41.0096334,28.9651646
Candelaria,1,-26.0832993,-65.0955734171333
Faxinal dos Guedes,1,-26.8534953,-52.2603607
Uruacu,1,-14.5244164,-49.1510022
Taguai,1,-23.4534312,-49.4054454
Jaboticatubas,1,-19.521667,-43.745277
Dhaka,1,23.7593572,90.3788136
Urupes,1,-21.2027026,-49.2921996
Boquim,1,-11.1450175,-37.6204228
Santiago do Cacem,1,37.9718986,-8.68752765379749
Licinio de Almeida,1,-14.684215,-42.509527
Chapada,1,-28.0587829,-53.0657459
Cornelio Procopio,1,-23.1825218,-50.6499263
Sao Jose do Inhacora,1,-27.736085,-54.1316582091605
Martins,1,-6.0892841,-37.9114676
Itabera,1,-23.8621345,-49.1398926
Santa Juliana,1,-5.6660072,-47.8448821
Carolina,1,6.7501787,-75.3229229277351
Kenitra,1,34.25506595,-6.56766575137986
Campo do Meio,1,-28.333589,-52.0528119828316
Tibau do Sul,1,-6.1872965,-35.0905246
Pauliceia,1,-21.3143775,-51.8335303
Mutuipe,1,-13.2282298,-39.5060149
Neuvy-en-Sullias,1,47.795484,2.2456837
Nova Ponte,1,-19.1692213,-47.6717642
Florinia,1,-22.9016004,-50.7268005
Chorozinho,1,-4.3010895,-38.4976923
Jandaia do Sul,1,-23.6003907,-51.645674
Sao Joao do Oriente,1,-19.3408518,-42.1550657
Nova Palma,1,-29.43185185,-53.4600644663936
Cachoeira do Sul,1,-30.0480752,-52.8901469
Caconde,1,-21.527995,-46.643659
Durande,1,-20.203611,-41.798055
Senador Pompeu,1,-5.5874386,-39.3730901
Oneşti,1,46.25165,26.7893824182569
Cruz Machado,1,-26.0184626,-51.3503171
Sao Jose do Alegre,1,-22.3306078,-45.5285443
Varjota,1,-4.1958345,-40.4735305
Grossos,1,-4.9843455,-37.1511253
Palmeiras,1,-12.5151234,-41.5746054
Sao Joao Batista,1,-27.277547,-48.8496101
Ipira,1,-27.4147336,-51.7709918
Pune,1,18.5203062,73.8543185
Serra Talhada,1,-7.9867805,-38.2920294
Novo Cruzeiro,1,-12.060153,-49.024576
Brejinho,1,-7.334257,-37.3111600242395
Capinopolis,1,-18.682778,-49.569723
Araguaia,1,-20.4491767,-40.8739414157718
Jaboti,1,-23.7431092,-50.0748781
Piranhas,1,-9.610828,-37.761304
Estrela do Norte,1,-20.5884216,-41.3367604614613
Panama,1,8.3096067,-81.3066246
Bocaiuva do Sul,1,-25.206591,-49.114131
Goianinha,1,-6.2663538,-35.2092447
Ubaitaba,1,-14.3117771,-39.3226605
Guajeru,1,-14.5464079,-41.9379047
Plainfield,1,41.623191,-88.2284325789041
Umari,1,-6.6465102,-38.6995155
Potim,1,-22.8377227,-45.2565239
Maracaja,1,-28.8628566,-49.449388
Junqueiropolis,1,-21.5105888,-51.4348179
Detroit,1,42.3486635,-83.0567375
Figueiredo,1,41.47094765,-8.38193761365374
Colorado,1,38.7251776,-105.6077167
Alvaro de Carvalho,1,-22.084,-49.7407142857143
Tartarugalzinho,1,1.506,-50.9119997
Oriente,1,18.4130969,-66.03343558104
Panambi,1,-28.2898542,-53.501822
Ocala,1,29.1871986,-82.1400923
Pereiro,1,-6.046269,-38.4604192
Travessao,1,-7.2486718,-37.1336133
Bom Jesus do Tocantins,1,-5.02850095,-48.7712258165301
Sao Jose dos Salgados,1,-20.1034031,-44.7795571568763
Coronel Ezequiel,1,-6.3597089,-36.2061189270659
Garibaldi,1,42.6593049,21.160593
Urania,1,-20.244491,-50.6450868
Cernusco sul Naviglio,1,45.5245578,9.330925
Lagoa d'Anta,1,-6.394926,-35.594904
Aves,1,41.3682864,-8.4060337
Ariranha,1,-21.18716,-48.790418
Moline,1,41.5067003,-90.5151342
Ramos Mejia,1,-34.6482211,-58.5635765
Campos Novos,1,-27.3962904,-51.2224397
Parisi,1,48.85881005,2.32003101155031
Cruzilia,1,-21.838333,-44.808056
Mexico City,1,19.4326009,-99.1333416
Capinzal,1,-27.3440651,-51.6110403
Sombrio,1,-29.107985,-49.632776
Paranhos,1,-23.8927851,-55.4287213
Cajati,1,-24.7272376,-48.1077914
Nisia Floresta,1,-6.05336825,-35.1714107685548
Palestina,1,31.649741,35.162072
Rafael Fernandes,1,-6.1892485,-38.2238647
Populina,1,-19.9427771,-50.5372875
Irara,1,-12.0420271,-38.7635638
Ilhabela,1,-23.77806,-45.35806
Ladainha,1,-17.6265078,-41.7385789
Mirandopolis,1,-21.1328313,-51.1029422
Buriti dos Lopes,1,-3.1776723,-41.8707444
Mariluz,1,-29.9269053,-50.1016509
Americo de Campos,1,-20.292,-49.7756327377447
Inubia Paulista,1,-21.728,-50.9599937965261
Maira,1,39.717518,15.8493274
Ipanema,1,-19.7999954,-41.7138807
Raritan,1,40.5695474,-74.6329363
Mata,1,40.6164299,-0.2795332
Irving,1,32.8295183,-96.9442177
Ibotirama,1,-12.1829519,-43.2181138
Valentim Gentil,1,-20.4226107,-50.0861511
Paraipaba,1,-3.437987,-39.147868
Campos,1,-21.7558619,-41.3326895
Sao Joao da Ponte,1,-15.9283299,-44.0078035
Cabralia Paulista,1,-22.4815,-49.3540725806452
Santa Rita de Caldas,1,-22.028889,-46.336944
Bentonville,1,36.3728538,-94.2088172
Aparecida,1,-22.851552,-45.2340924
Menlo Park,1,37.4538274,-122.1821871
Valparaiso,1,-33.0458456,-71.6196749
Rio Novo do Sul,1,-20.82961355,-40.9047041659824
Itiuba,1,-10.6917496,-39.8532886
Carapebus,1,-22.1869969,-41.6633764
Braco do Trombudo,1,-27.358578,-49.882145
Rosario da Limeira,1,-20.9786,-42.5119
Tres Cachoeiras,1,-29.44911325,-49.9109745035427
Paraiso,1,18.3623055,-93.1883586891972
Indianopolis,1,-19.0395886,-47.917564
Borborema,1,-21.6211885,-49.0743465
Ubajara,1,-3.8534468,-40.9185642
Vila Propicio,1,-15.4558431,-48.8855024
Mendoza,1,-32.8897294,-68.8442956
Getulio Vargas,1,-32.6795821,-53.5494295
Neuquén,1,-38.3695057,-69.832275
Barro Branco,1,-2.973571,-60.0138042
Itanhandu,1,-22.2957913,-44.9366732
Lanus,1,43.1127203,-0.3391002
Sao Mateus do Maranhao,1,-4.0289169,-44.4667342
Varzea Nova,1,-11.2527934,-40.9456569
Pinheiro Machado,1,-31.57922,-53.3824243
Almeirim,1,-1.5290377,-52.5788111
Anajatuba,1,-3.26441,-44.6179916
Paris,1,48.85881005,2.32003101155031
Aratiba,1,-27.3955734,-52.3024325
Moscow,1,55.7507178,37.6176606
Heliodora,1,-22.0675,-45.542222
Arroio Grande,1,-29.7523344,-50.4625547
Santa Filomena,1,-9.1157208,-45.9201053
Sao Jorge do Ivai,1,-23.4327325,-52.2924553
Barbosa,1,6.43848325,-75.3391258982849
Salesopolis,1,-23.528805,-45.84653
Casimiro de Abreu,1,-22.4809932,-42.2039976
Domingos Martins,1,-20.3646483,-40.6585797
Cambara,1,-23.042273,-50.075281
Monte Santo de Minas,1,-21.189722,-46.98
Esperanca,1,-7.018517,-35.852193
Itaipulandia,1,-25.1417007,-54.2980691
Sertaneja,1,-23.0367627,-50.816802
Monte Belo,1,-27.6086488,-53.9882969239399
Adolfo,1,-21.2356597,-49.6441918
Iretama,1,-24.4212538,-52.1023538
Tangara,1,-2.91413965,30.0573360330962
Bebedouro,1,-20.949077,-48.479083
Pedra Preta,1,-5.5223097,-36.0850898272857
Caruara,1,-2.76978,-66.8119617
Pains,1,-20.372163,-45.6616187
Vicentina,1,-22.409801,-54.441507
Medicilandia,1,-3.4438388,-52.8889236
Barra Alegre,1,-19.4229093,-42.6215339338644
Rio Acima,1,-20.0875,-43.789166
Coracao de Jesus,1,-1.0189567,-48.0960433
Acajutiba,1,-11.6608057,-38.0189412
Bolivar,1,10.3966133,-75.4660375666667
